price,normalPrice,discount,discount_percentage,url,name
7.48,14.95,"7,48 €",-50%,https://jugamosuna.es/tienda/1518/comprar-adivina-barato.html,¡Adivina!
4.98,9.949999,"4,98 €",-50%,https://jugamosuna.es/tienda/9331/comprar-the-dark-rampage-barato.html,THE DARK RAMPAGE
7.48,14.95,"7,48 €",-50%,https://jugamosuna.es/tienda/1368/comprar-tricks-and-mercenaries-barato.html,Tricks & Mercenaries - Kharnage
23.97,39.95,"15,98 €",-40%,https://jugamosuna.es/tienda/1046/comprar-hora-de-aventuras-aventuras-en-el-mundo-de-ooo-barato.html,Hora de Aventuras: Aventuras en el Mundo de Ooo
24.95,24.95,,,https://jugamosuna.es/tienda/10174/comprar-una-noche-de-verano-time-stories-revolution-barato.html,[Pre-Venta 01/2021] Una noche de verano - T.I.M.E. Stories Revolution
41.97,59.950001,"17,99 €",-30%,https://jugamosuna.es/tienda/795/comprar-toxic-city-mall-barato.html,Toxic City Mall (Expansión para el Zombicide)
5.97,9.949999,"3,98 €",-40%,https://jugamosuna.es/tienda/911/dengar-asesino-despiadado-barato.html,"Star Wars Imperial Assault: Dengar, Asesino despiadado"
5.97,9.949999,"3,98 €",-40%,https://jugamosuna.es/tienda/1473/comprar-star-wars-imperial-assault-jawa-carronero-barato.html,Jawa Carroñero - Star Wars Imperial Assault
11.97,19.95,"7,98 €",-40%,https://jugamosuna.es/tienda/762/comprar-jinete-de-bantha-barato.html,Star Wars: Imperial Assault - Jinete de bantha
5.97,9.949999,"3,98 €",-40%,https://jugamosuna.es/tienda/763/comprar-aliado-contrabandista-de-la-alianza-barato.html,Star Wars: Imperial Assault - Aliado Contrabandista de la Alianza
7.77,12.95,"5,18 €",-40%,https://jugamosuna.es/tienda/3422/comprar-star-wars-imperial-assault-hondo-ohnaka-barato.html,Star Wars Imperial Assault: Hondo Ohnaka
5.97,9.949999,"3,98 €",-40%,https://jugamosuna.es/tienda/662/comprar-imperial-assault-chewbacca-pack-de-aliado-barato.html,Star Wars: Imperial Assault - Chewbacca Pack de Aliado
7.48,14.95,"7,48 €",-50%,https://jugamosuna.es/tienda/4849/comprar-caja-de-inicio-general-grievous-star-wars-destiny-barato.html,Caja de inicio: General Grievous - Star Wars: Destiny
6.48,12.95,"6,48 €",-50%,https://jugamosuna.es/tienda/733/comprar-guerra-fria-cia-vs-kgb-barato.html,Guerra Fria: CIA vs KGB (Edición Revisada)
34.98,69.95,"34,98 €",-50%,https://jugamosuna.es/tienda/10109/comprar-al-servicio-de-su-majestad-the-world-of-smog-barato.html,Al servicio de su majestad - The World of Smog
21.97,39.95,"17,98 €",-45%,https://jugamosuna.es/tienda/2006/comprar-riverboat-barato.html,Riverboat
20.97,34.950001,"13,98 €",-40%,https://jugamosuna.es/tienda/1934/comprar-mountains-of-madness-berge-des-wahnsinns-barato.html,Mountains of Madness (Berge des Wahnsinns) - (Alemán)
9.98,19.95,"9,98 €",-50%,https://jugamosuna.es/tienda/5750/comprar-zombies-el-juego-de-cartas-barato.html,Zombies!!! El juego de cartas
9.9,16.5,"6,60 €",-40%,https://jugamosuna.es/tienda/2251/comprar-nutz-barato.html,Nutz!
13.77,22.95,"9,18 €",-40%,https://jugamosuna.es/tienda/2843/comprar-cinco-barato.html,Cinco (Inglés)
7.77,12.95,"5,18 €",-40%,https://jugamosuna.es/tienda/2846/comprar-frachtexpress-barato.html,FrachtExpress (Alemán)
27.97,39.95,"11,99 €",-30%,https://jugamosuna.es/tienda/2671/compra-raxxon-barato.html,Raxxon
9.98,19.95,"9,98 €",-50%,https://jugamosuna.es/tienda/10108/comprar-invasion-alienigena-el-fin-del-mundo-barato.html,Invasión alienígena - El Fin del Mundo
23.97,39.95,"15,98 €",-40%,https://jugamosuna.es/tienda/1141/comprar-star-wars-x-wing-los-mas-buscados-barato.html,Star Wars X-Wing: Los más buscados
19.98,39.95,"19,98 €",-50%,https://jugamosuna.es/tienda/399/colonos-del-imperio.html,Colonos del Imperio
24.98,49.95,"24,98 €",-50%,https://jugamosuna.es/tienda/2568/comprar-tierras-bajas-barato.html,Tierras Bajas
41.97,59.950001,"17,99 €",-30%,https://jugamosuna.es/tienda/1056/comprar-dead-of-winter-la-larga-noche-barato.html,Dead of Winter: La Larga Noche
59.46,69.95,"10,49 €",-15%,https://jugamosuna.es/tienda/3207/Comprar-La-Gran-Guerra-Barato.html,La Gran Guerra
17.97,29.95,"11,98 €",-40%,https://jugamosuna.es/tienda/2668/comprar-star-wars-x-wing-ases-rebeldes-barato.html,Ases Rebeldes - Star Wars X-Wing
7.48,14.95,"7,48 €",-50%,https://jugamosuna.es/tienda/1058/comprar-star-wars-destiny-caja-de-inicio-rey-barato.html,Star Wars Destiny - Caja de inicio Rey
26.97,44.95,"17,98 €",-40%,https://jugamosuna.es/tienda/3225/comprar-mystic-vale-Ingles-barato.html,Mystic Vale (Inglés)
41.97,59.950001,"17,99 €",-30%,https://jugamosuna.es/tienda/806/comprar-la-furia-de-dracula-barato.html,La Furia de Drácula
35.97,59.950001,"23,98 €",-40%,https://jugamosuna.es/tienda/914/regreso-a-hoth-barato.html,Star Wars Imperial Assault: Regreso a Hoth
5.97,9.949999,"3,98 €",-40%,https://jugamosuna.es/tienda/6271/comprar-keyforge-mundos-en-colision-mazo-de-arconte-barato.html,KeyForge - Mundos en Colisión Mazo de Arconte
12.48,24.95,"12,48 €",-50%,https://jugamosuna.es/tienda/2491/comprar-gloom-cthulhu-gloom-barato.html,Gloom - Cthulhu Gloom (Segunda Edición)
5.97,9.949999,"3,98 €",-40%,https://jugamosuna.es/tienda/5126/comprar-keyforge-la-edad-de-la-ascension-barato.html,KeyForge: La Edad de la Ascensión
14.98,29.95,"14,98 €",-50%,https://jugamosuna.es/tienda/3052/comprar-reconquista-barato.html,Reconquista
1.5,2.99,"1,50 €",-50%,https://jugamosuna.es/tienda/8058/comprar-star-wars-destiny-operaciones-encubiertas-sobres-de-ampliacion-barato.html,Star Wars: Destiny. Operaciones encubiertas: Sobres de ampliación
1.5,2.99,"1,50 €",-50%,https://jugamosuna.es/tienda/5611/comprar-star-wars-destiny-la-chispa-de-la-esperanza-sobres-de-ampliacion-barato.html,Star Wars Destiny - La chispa de la esperanza: Sobres de ampliación
7.48,14.95,"7,48 €",-50%,https://jugamosuna.es/tienda/1518/comprar-adivina-barato.html,¡Adivina!
4.98,9.949999,"4,98 €",-50%,https://jugamosuna.es/tienda/9331/comprar-the-dark-rampage-barato.html,THE DARK RAMPAGE
7.48,14.95,"7,48 €",-50%,https://jugamosuna.es/tienda/1368/comprar-tricks-and-mercenaries-barato.html,Tricks & Mercenaries - Kharnage
23.97,39.95,"15,98 €",-40%,https://jugamosuna.es/tienda/1046/comprar-hora-de-aventuras-aventuras-en-el-mundo-de-ooo-barato.html,Hora de Aventuras: Aventuras en el Mundo de Ooo
24.95,24.95,,,https://jugamosuna.es/tienda/10174/comprar-una-noche-de-verano-time-stories-revolution-barato.html,[Pre-Venta 01/2021] Una noche de verano - T.I.M.E. Stories Revolution
41.97,59.950001,"17,99 €",-30%,https://jugamosuna.es/tienda/795/comprar-toxic-city-mall-barato.html,Toxic City Mall (Expansión para el Zombicide)
11.97,19.95,"7,98 €",-40%,https://jugamosuna.es/tienda/762/comprar-jinete-de-bantha-barato.html,Star Wars: Imperial Assault - Jinete de bantha
5.97,9.949999,"3,98 €",-40%,https://jugamosuna.es/tienda/763/comprar-aliado-contrabandista-de-la-alianza-barato.html,Star Wars: Imperial Assault - Aliado Contrabandista de la Alianza
7.77,12.95,"5,18 €",-40%,https://jugamosuna.es/tienda/3422/comprar-star-wars-imperial-assault-hondo-ohnaka-barato.html,Star Wars Imperial Assault: Hondo Ohnaka
5.97,9.949999,"3,98 €",-40%,https://jugamosuna.es/tienda/911/dengar-asesino-despiadado-barato.html,"Star Wars Imperial Assault: Dengar, Asesino despiadado"
5.97,9.949999,"3,98 €",-40%,https://jugamosuna.es/tienda/1473/comprar-star-wars-imperial-assault-jawa-carronero-barato.html,Jawa Carroñero - Star Wars Imperial Assault
5.97,9.949999,"3,98 €",-40%,https://jugamosuna.es/tienda/662/comprar-imperial-assault-chewbacca-pack-de-aliado-barato.html,Star Wars: Imperial Assault - Chewbacca Pack de Aliado
7.48,14.95,"7,48 €",-50%,https://jugamosuna.es/tienda/4849/comprar-caja-de-inicio-general-grievous-star-wars-destiny-barato.html,Caja de inicio: General Grievous - Star Wars: Destiny
6.48,12.95,"6,48 €",-50%,https://jugamosuna.es/tienda/733/comprar-guerra-fria-cia-vs-kgb-barato.html,Guerra Fria: CIA vs KGB (Edición Revisada)
34.98,69.95,"34,98 €",-50%,https://jugamosuna.es/tienda/10109/comprar-al-servicio-de-su-majestad-the-world-of-smog-barato.html,Al servicio de su majestad - The World of Smog
21.97,39.95,"17,98 €",-45%,https://jugamosuna.es/tienda/2006/comprar-riverboat-barato.html,Riverboat
20.97,34.950001,"13,98 €",-40%,https://jugamosuna.es/tienda/1934/comprar-mountains-of-madness-berge-des-wahnsinns-barato.html,Mountains of Madness (Berge des Wahnsinns) - (Alemán)
9.98,19.95,"9,98 €",-50%,https://jugamosuna.es/tienda/5750/comprar-zombies-el-juego-de-cartas-barato.html,Zombies!!! El juego de cartas
13.77,22.95,"9,18 €",-40%,https://jugamosuna.es/tienda/2843/comprar-cinco-barato.html,Cinco (Inglés)
7.77,12.95,"5,18 €",-40%,https://jugamosuna.es/tienda/2846/comprar-frachtexpress-barato.html,FrachtExpress (Alemán)
9.9,16.5,"6,60 €",-40%,https://jugamosuna.es/tienda/2251/comprar-nutz-barato.html,Nutz!
9.98,19.95,"9,98 €",-50%,https://jugamosuna.es/tienda/10108/comprar-invasion-alienigena-el-fin-del-mundo-barato.html,Invasión alienígena - El Fin del Mundo
27.97,39.95,"11,99 €",-30%,https://jugamosuna.es/tienda/2671/compra-raxxon-barato.html,Raxxon
23.97,39.95,"15,98 €",-40%,https://jugamosuna.es/tienda/1141/comprar-star-wars-x-wing-los-mas-buscados-barato.html,Star Wars X-Wing: Los más buscados
19.98,39.95,"19,98 €",-50%,https://jugamosuna.es/tienda/399/colonos-del-imperio.html,Colonos del Imperio
24.98,49.95,"24,98 €",-50%,https://jugamosuna.es/tienda/2568/comprar-tierras-bajas-barato.html,Tierras Bajas
41.97,59.950001,"17,99 €",-30%,https://jugamosuna.es/tienda/1056/comprar-dead-of-winter-la-larga-noche-barato.html,Dead of Winter: La Larga Noche
59.46,69.95,"10,49 €",-15%,https://jugamosuna.es/tienda/3207/Comprar-La-Gran-Guerra-Barato.html,La Gran Guerra
17.97,29.95,"11,98 €",-40%,https://jugamosuna.es/tienda/2668/comprar-star-wars-x-wing-ases-rebeldes-barato.html,Ases Rebeldes - Star Wars X-Wing
7.48,14.95,"7,48 €",-50%,https://jugamosuna.es/tienda/1058/comprar-star-wars-destiny-caja-de-inicio-rey-barato.html,Star Wars Destiny - Caja de inicio Rey
26.97,44.95,"17,98 €",-40%,https://jugamosuna.es/tienda/3225/comprar-mystic-vale-Ingles-barato.html,Mystic Vale (Inglés)
41.97,59.950001,"17,99 €",-30%,https://jugamosuna.es/tienda/806/comprar-la-furia-de-dracula-barato.html,La Furia de Drácula
12.48,24.95,"12,48 €",-50%,https://jugamosuna.es/tienda/2491/comprar-gloom-cthulhu-gloom-barato.html,Gloom - Cthulhu Gloom (Segunda Edición)
5.97,9.949999,"3,98 €",-40%,https://jugamosuna.es/tienda/5126/comprar-keyforge-la-edad-de-la-ascension-barato.html,KeyForge: La Edad de la Ascensión
5.97,9.949999,"3,98 €",-40%,https://jugamosuna.es/tienda/6271/comprar-keyforge-mundos-en-colision-mazo-de-arconte-barato.html,KeyForge - Mundos en Colisión Mazo de Arconte
35.97,59.950001,"23,98 €",-40%,https://jugamosuna.es/tienda/914/regreso-a-hoth-barato.html,Star Wars Imperial Assault: Regreso a Hoth
14.98,29.95,"14,98 €",-50%,https://jugamosuna.es/tienda/3052/comprar-reconquista-barato.html,Reconquista
1.5,2.99,"1,50 €",-50%,https://jugamosuna.es/tienda/5611/comprar-star-wars-destiny-la-chispa-de-la-esperanza-sobres-de-ampliacion-barato.html,Star Wars Destiny - La chispa de la esperanza: Sobres de ampliación
1.5,2.99,"1,50 €",-50%,https://jugamosuna.es/tienda/8058/comprar-star-wars-destiny-operaciones-encubiertas-sobres-de-ampliacion-barato.html,Star Wars: Destiny. Operaciones encubiertas: Sobres de ampliación
17.97,29.95,"11,98 €",-40%,https://jugamosuna.es/tienda/3053/comprar-kero-barato.html,Kero
11.97,19.95,"7,98 €",-40%,https://jugamosuna.es/tienda/3833/comprar-card-wars-rey-hielo-contra-marceline-barato.html,Card Wars: Rey Hielo contra Marceline
6.48,12.95,"6,48 €",-50%,https://jugamosuna.es/tienda/3318/comprar-plouf-party-barato.html,Plouf Party
7.48,14.95,"7,48 €",-50%,https://jugamosuna.es/tienda/1059/comprar-star-wars-destiny-caja-de-inicio-kylo-ren-barato.html,Star Wars Destiny - Caja de inicio: Kylo Ren
13.72,24.9502,"11,23 €",-45%,https://jugamosuna.es/tienda/2379/comprar-costa-rica-barato.html,Costa Rica
5.97,9.949999,"3,98 €",-40%,https://jugamosuna.es/tienda/3162/comprar-picnic-barato.html,PICNIC
53.82,107.64,"53,82 €",-50%,https://jugamosuna.es/tienda/2033/comprar-star-wars-destiny-legados-expositor-de-sobres-de-ampliacion-36-barato.html,Legados: Expositor de Sobres de Ampliación (36) - Star Wars Destiny
53.8,107.6,"53,80 €",-50%,https://jugamosuna.es/tienda/4851/comprar-convergencia-sobres-de-ampliacion-star-wars-destiny-barato.html,Convergencia: Sobres de Ampliación x36 - Star Wars: Destiny
53.82,107.64,"53,82 €",-50%,https://jugamosuna.es/tienda/1456/comprar-star-wars-destiny-despertares-expositor-de-sobres-de-ampliacion-barato.html,Star Wars Destiny: Despertares Expositor de Sobres de Ampliación
6.73,14.95,"8,22 €",-55%,https://jugamosuna.es/tienda/2382/comprar-design-town-barato.html,Design Town
17.48,34.950001,"17,48 €",-50%,https://jugamosuna.es/tienda/599/la-cueva-del-troll.html,La cueva del troll
9.98,19.95,"9,98 €",-50%,https://jugamosuna.es/tienda/3428/comprar-wendigo-barato.html,Wendigo
19.22,34.950001,"15,73 €",-45%,https://jugamosuna.es/tienda/2002/comprar-cottage-garden-mi-pequeno-jardin-barato.html,Cottage Garden: Mi Pequeño Jardín
7.48,14.95,"7,48 €",-50%,https://jugamosuna.es/tienda/1746/comprar-mi-postre-favorito-barato.html,¡Mi Postre Favorito!
14.98,29.95,"14,98 €",-50%,https://jugamosuna.es/tienda/1073/comprar-zombies-junior-barato.html,Zombies!!! Junior
11.97,19.95,"7,98 €",-40%,https://jugamosuna.es/tienda/2353/comprar-huh-what-is-in-the-wardrobe-espanol-barato.html,Huh - What is in the Wardrobe?
8.97,14.95,"5,98 €",-40%,https://jugamosuna.es/tienda/2879/comprar-la-leyenda-de-los-cinco-anillos-el-juego-de-cartas-todo-y-nada-barato.html,Todo y Nada - La Leyenda de los Cinco Anillos: El Juego de Cartas
8.97,14.95,"5,98 €",-40%,https://jugamosuna.es/tienda/1871/comprar-pre-venta-la-leyenda-de-los-cinco-anillos-el-juego-de-cartas-en-la-ciudad-prohibida-barato.html,En la Ciudad Prohibida - La Leyenda de los Cinco Anillos el Juego de Cartas
8.97,14.95,"5,98 €",-40%,https://jugamosuna.es/tienda/2876/comprar-la-leyenda-de-los-cinco-anillos-el-juego-de-cartas-tierras-manchadas-barato.html,Tierras Manchadas - La Leyenda de los Cinco Anillos: El Juego de Cartas
17.97,29.95,"11,98 €",-40%,https://jugamosuna.es/tienda/2936/comprar-star-wars-x-wing-segador-tie-barato.html,Segador TIE - Star Wars X-Wing
8.97,14.95,"5,98 €",-40%,https://jugamosuna.es/tienda/1939/comprar-star-wars-x-wing-fantasma-ii-barato.html,Fantasma II - Star Wars X-Wing
7.77,12.95,"5,18 €",-40%,https://jugamosuna.es/tienda/913/soldados-de-la-base-eco-barato.html,Star Wars Imperial Assault: Soldados de la Base Eco
19.98,39.95,"19,98 €",-50%,https://jugamosuna.es/tienda/2569/comprar-thunderstone-barato.html,Thunderstone
5.97,9.949999,"3,98 €",-40%,https://jugamosuna.es/tienda/910/general-sorin-estratega-cruel-barato.html,"Star Wars Imperial Assault: General Sorin, Estratega cruel"
5.97,9.949999,"3,98 €",-40%,https://jugamosuna.es/tienda/982/comprar-star-wars-imperial-assault-bossk-barato.html,Star Wars Imperial Assault: Bossk
5.97,9.949999,"3,98 €",-40%,https://jugamosuna.es/tienda/912/princesa-leia-comandante-rebelde-barato.html,"Star Wars Imperial Assault: Princesa Leia, Comandante rebelde"
17.97,29.95,"11,98 €",-40%,https://jugamosuna.es/tienda/1112/comprar-star-wars-x-wing-ala-u-barato.html,Star Wars X-Wing Ala-U
29.98,59.950001,"29,98 €",-50%,https://jugamosuna.es/tienda/9358/comprar-twilight-imperium-rex-barato.html,Twilight imperium: Rex
7.48,14.95,"7,48 €",-50%,https://jugamosuna.es/tienda/9357/comprar-oerdidos-en-rlyeh-barato.html,Perdidos en R’lyeh
8.97,14.95,"5,98 €",-40%,https://jugamosuna.es/tienda/2993/comprar-cortex-kids-2-verde-barato.html,Cortex Kids 2 (Verde)
14.98,29.95,"14,98 €",-50%,https://jugamosuna.es/tienda/617/comprar-colonos-del-imperio-atlantes-barato.html,Colonos del Imperio: Atlantes
7.77,12.95,"5,18 €",-40%,https://jugamosuna.es/tienda/667/comprar-imperial-assault-r2d2-y-c3po-pack-aliado.html,Star Wars: Imperial Assault - R2D2 y C3PO Pack de Aliado
5.97,9.949999,"3,98 €",-40%,https://jugamosuna.es/tienda/661/comprar-imperial-assault-han-solo-pack-de-aliado-barato.html,Star Wars: Imperial Assault - Han Solo Pack de Aliado
5.97,9.949999,"3,98 €",-40%,https://jugamosuna.es/tienda/666/comprar-imperial-assault-boba-fett-pack-de-villano-barato.html,Star Wars: Imperial Assault - Boba Fett Pack de Villano
35,50,"15,00 €",-30%,https://jugamosuna.es/tienda/1069/comprar-mage-wars-arena-barato.html,MAGE WARS ARENA
10.47,14.95,"4,49 €",-30%,https://jugamosuna.es/tienda/9828/comprar-zombies-3-compradores-convulsivos-barato.html,Zombies!!! 3: Compradores Convulsivos
35.97,59.950001,"23,98 €",-40%,https://jugamosuna.es/tienda/3222/comprar-trains-ingles-barato.html,Trains (Inglés)
29.97,49.95,"19,98 €",-40%,https://jugamosuna.es/tienda/2264/comprar-winter-tales-barato.html,Winter Tales
5.97,9.949999,"3,98 €",-40%,https://jugamosuna.es/tienda/1522/comprar-star-wars-imperial-assault-luke-skywalker-caballero-jed-barato.html,"Luke Skywalker, Caballero Jedi - Star Wars Imperial Assault"
15,29.99,"15,00 €",-50%,https://jugamosuna.es/tienda/3645/comprar-heroes-a-medida-barato.html,Héroes a medida
8.97,14.95,"5,98 €",-40%,https://jugamosuna.es/tienda/7360/comprar-juego-de-tronos-el-juego-de-cartas-2-edicion-ciclo-de-sangre-y-oro-la-hermandad-sin-estandartes-barato.html,Juego de Tronos: El juego de cartas 2ª Edición. Ciclo de Sangre y Oro-La Hermandad sin Estandartes
8.97,14.95,"5,98 €",-40%,https://jugamosuna.es/tienda/7361/comprar-juego-de-tronos-el-juego-de-cartas-2-edicion-ciclo-de-sangre-y-oro-la-venganza-de-oberyn-barato.html,Juego de Tronos: El juego de cartas 2ª Edición. Ciclo de Sangre y Oro-La venganza de Oberyn
8.97,14.95,"5,98 €",-40%,https://jugamosuna.es/tienda/7350/comprar-juego-de-tronos-el-juego-de-cartas-2-edicion-ciclo-de-sangre-y-oro-la-caida-de-astapor-barato.html,Juego de Tronos: El juego de cartas 2ª Edición. Ciclo de Sangre y Oro: La caída de Astapor
13.77,22.95,"9,18 €",-40%,https://jugamosuna.es/tienda/1910/comprar-cash-n-guns-team-spirit-barato.html,Team Spirit - Cash'n Guns
20.97,29.95,"8,99 €",-30%,https://jugamosuna.es/tienda/10063/comprar-ultimate-survivors-1-zombicide-barato.html,Ultimate Survivors 1 - Zombicide
11.97,19.95,"7,98 €",-40%,https://jugamosuna.es/tienda/2040/comprar-star-wars-x-wing-vibora-estelar-barato.html,Víbora Estelar - Star Wars X-Wing
17.97,29.95,"11,98 €",-40%,https://jugamosuna.es/tienda/1771/comprar-star-wars-x-wing-expansiones-escoria-y-villanos-pilotos-de-fortuna-barato.html,Pilotos de Fortuna - Star Wars X-Wing
14.97,24.95,"9,98 €",-40%,https://jugamosuna.es/tienda/2845/comprar-donkey-derby-barato.html,Donkey Derby (Inglés)
8.97,14.95,"5,98 €",-40%,https://jugamosuna.es/tienda/1119/comprar-star-wars-x-wing-saltador-quad-barato.html,Star Wars X-Wing: Saltador Quad
11.97,19.95,"7,98 €",-40%,https://jugamosuna.es/tienda/1938/comprar-star-wars-x-wing-caza-m12-l-kimogila-barato.html,Caza M12-L Kimogila - Star Wars X-Wing
7.48,14.95,"7,48 €",-50%,https://jugamosuna.es/tienda/2035/comprar-star-wars-destiny-caja-de-inicio-luke-skywalker-barato.html,Caja de Inicio: Luke Skywalker - Star Wars Destiny
7.48,14.95,"7,48 €",-50%,https://jugamosuna.es/tienda/4850/comprar-caja-de-inicio-obi-wan-kenobi-star-wars-destiny-barato.html,Caja de inicio: Obi-Wan Kenobi - Star Wars: Destiny
8.97,14.95,"5,98 €",-40%,https://jugamosuna.es/tienda/1833/comprar-star-wars-x-wing-tie-fantasma-barato.html,TIE Fantasma - Star Wars X-Wing
8.97,14.95,"5,98 €",-40%,https://jugamosuna.es/tienda/2038/comprar-star-wars-x-wing-interceptor-tie-barato.html,Bombardero TIE - Star Wars X-Wing
11.97,19.95,"7,98 €",-40%,https://jugamosuna.es/tienda/3430/comprar-bomb-squad-academy-barato.html,Bomb Squad Academy
8.97,14.95,"5,98 €",-40%,https://jugamosuna.es/tienda/5066/comprar-star-wars-destiny-aliados-por-la-necesidad-set-de-draft-barato.html,Star Wars: Destiny. Aliados por la necesidad Set de Draft
17.97,29.95,"11,98 €",-40%,https://jugamosuna.es/tienda/1581/comprar-star-wars-x-wing-ig-2000-barato.html,IG-2000 - Star Wars X-Wing
35.91,59.85,"23,94 €",-40%,https://jugamosuna.es/tienda/1836/comprar-star-wars-x-wing-pack-de-naves-4-barato.html,Pack de Naves 4 - Star Wars X-Wing
5.97,9.949999,"3,98 €",-40%,https://jugamosuna.es/tienda/1450/comprar-star-wars-x-wing-kit-mejora-selector-de-maniobra-para-escoria-barato.html,Kit de Mejora Selector de Maniobra para Escoria - Star Wars X-Wing
14.98,29.95,"14,98 €",-50%,https://jugamosuna.es/tienda/3761/comprar-unearth-barato.html,Unearth
8.97,14.95,"5,98 €",-40%,https://jugamosuna.es/tienda/7357/comprar-juego-de-tronos-el-juego-de-cartas-2-edicion-ciclo-de-bandada-de-cuervos-el-favor-de-los-antiguos-dioses-barato.html,Juego de Tronos: El juego de cartas 2ª Edición. Ciclo de Bandada de cuervos-El favor de los antiguos dioses
7.48,14.95,"7,48 €",-50%,https://jugamosuna.es/tienda/9153/comprar-dolores-barato.html,Dolores
20.97,29.95,"8,99 €",-30%,https://jugamosuna.es/tienda/9769/comprar-humanos-barato.html,Humanos!!!
9.07,12.95,"3,89 €",-30%,https://jugamosuna.es/tienda/9849/comprar-dados-zombicide-naranja-barato.html,Dados Zombicide Naranja
4.87,6.95,"2,09 €",-30%,https://jugamosuna.es/tienda/10069/comprar-indicadores-de-experiencia-calaveras-zombicide-barato.html,Indicadores de Experiencia (Calaveras) - Zombicide
4.98,9.949999,"4,98 €",-50%,https://jugamosuna.es/tienda/10107/comprar-munchkin-quest-portal-kombat-barato.html,Munchkin Quest: Portal Kombat
8.97,14.95,"5,98 €",-40%,https://jugamosuna.es/tienda/7358/comprar-juego-de-tronos-el-juego-de-cartas-2-edicion-ciclo-de-bandada-de-cuervos-la-llave-del-archimaestre-barato.html,Juego de Tronos: El juego de cartas 2ª Edición. Ciclo de Bandada de cuervos-La llave del archimaestre
9.07,12.95,"3,89 €",-30%,https://jugamosuna.es/tienda/9850/comprar-dados-zombicide-amarillo-barato.html,Dados Zombicide Amarillo
17.47,24.95,"7,49 €",-30%,https://jugamosuna.es/tienda/10070/comprar-rue-morgue-game-tiles-zombicide-barato.html,Rue Morgue Game Tiles - Zombicide
17.97,29.95,"11,98 €",-40%,https://jugamosuna.es/tienda/7359/comprar-juego-de-tronos-el-juego-de-cartas-2-edicion-expansiones-deluxe-vigilantes-del-muro-barato.html,Juego de Tronos: El juego de cartas 2ª Edición Expansiones deluxe - Vigilantes del Muro
7.48,14.95,"7,48 €",-50%,https://jugamosuna.es/tienda/9329/comprar-a-lo-loco-barato.html,A Lo Loco
10.47,14.95,"4,49 €",-30%,https://jugamosuna.es/tienda/9771/comprar-humanos-3-zombiecon-barato.html,Humanos!!! 3: Zombiecon
9.07,12.95,"3,89 €",-30%,https://jugamosuna.es/tienda/9851/comprar-dados-zombicide-marron-barato.html,Dados Zombicide Marrón
10.47,14.95,"4,49 €",-30%,https://jugamosuna.es/tienda/9772/comprar-humanos-4-campamento-zombie-lake-barato.html,Humanos!!! 4: Campamento Zombie Lake
13.97,19.95,"5,99 €",-30%,https://jugamosuna.es/tienda/9853/comprar-fichas-y-marcadores-de-plastico-zombicide-barato.html,Fichas y Marcadores de Plástico - Zombicide
14.97,24.95,"9,98 €",-40%,https://jugamosuna.es/tienda/10092/comprar-snow-time-barato.html,Snow Time
12.48,24.95,"12,48 €",-50%,https://jugamosuna.es/tienda/10110/comprar-mafia-de-cuba-barato.html,Mafia de Cuba
29.98,59.950001,"29,98 €",-50%,https://jugamosuna.es/tienda/9332/comprar-relic-barato.html,RELIC
14.98,29.95,"14,98 €",-50%,https://jugamosuna.es/tienda/10099/comprar-el-arte-de-juego-de-tronos-vol1-barato.html,El arte de Juego de Tronos: Vol.1
24.48,48.949999,"24,48 €",-50%,https://jugamosuna.es/tienda/9359/comprar-munchkin-panic-barato.html,Munchkin Panic
12.57,17.95,"5,39 €",-30%,https://jugamosuna.es/tienda/9833/comprar-zombies-9-cenizas-a-las-cenizas-barato.html,Zombies!!! 9: Cenizas a las Cenizas
14.98,29.95,"14,98 €",-50%,https://jugamosuna.es/tienda/10100/comprar-el-arte-de-juego-de-tronos-vol2-barato.html,El arte de Juego de Tronos: Vol.2
17.97,29.95,"11,98 €",-40%,https://jugamosuna.es/tienda/7351/comprar-juego-de-tronos-el-juego-de-cartas-2-edicion-expansiones-deluxe-la-casa-de-las-espinas-barato.html,Juego de Tronos: El juego de cartas 2ª Edición Expansiones deluxe - La Casa de las Espinas
17.48,34.950001,"17,48 €",-50%,https://jugamosuna.es/tienda/9360/comprar-munchkin-quest-2-buscando-problemas-barato.html,Munchkin Quest 2: Buscando problemas
10.47,14.95,"4,49 €",-30%,https://jugamosuna.es/tienda/9834/comprar-zombies-x-vicios-que-matan-barato.html,Zombies!!! X: Vicios Que Matan
10.47,14.95,"4,49 €",-30%,https://jugamosuna.es/tienda/10064/comprar-zombicide-storage-box-verde-barato.html,Zombicide Storage Box: Verde
8.97,14.95,"5,98 €",-40%,https://jugamosuna.es/tienda/7352/comprar-juego-de-tronos-el-juego-de-cartas-2-edicion-ciclo-de-danza-de-sombras-la-ciudad-de-la-sombra-barato.html,Juego de Tronos: El juego de cartas 2ª Edición. Ciclo de Danza de sombras: La ciudad de la sombra
20.97,29.95,"8,99 €",-30%,https://jugamosuna.es/tienda/9835/comprar-zombies-11-muerte-sa-barato.html,Zombies!!! 11: Muerte S.A.
10.47,14.95,"4,49 €",-30%,https://jugamosuna.es/tienda/10065/comprar-zombicide-storage-box-azul-barato.html,Zombicide Storage Box: Azul
9.98,19.95,"9,98 €",-50%,https://jugamosuna.es/tienda/10102/comprar-los-esoterroristas-barato.html,Los Esoterroristas
8.97,14.95,"5,98 €",-40%,https://jugamosuna.es/tienda/7354/comprar-juego-de-tronos-el-juego-de-cartas-2-edicion-ciclo-de-danza-de-sombras-la-ciudad-de-la-sombra-barato.html,Juego de Tronos: El juego de cartas 2ª Edición. Ciclo de Bandada de cuervos: Asamblea de sucesión
7.67,10.95,"3,29 €",-30%,https://jugamosuna.es/tienda/9759/comprar-munchkin-zombis-4-piezas-de-repuesto-barato.html,Munchkin Zombis 4: Piezas de Repuesto
17.47,24.95,"7,49 €",-30%,https://jugamosuna.es/tienda/9836/comprar-zombies-12-zoologico-zombie-barato.html,Zombies!!! 12: Zoológico Zombie
10.47,14.95,"4,49 €",-30%,https://jugamosuna.es/tienda/10066/comprar-zombicide-storage-box-roja-barato.html,Zombicide Storage Box: Roja
12.48,24.95,"12,48 €",-50%,https://jugamosuna.es/tienda/10104/comprar-caja-de-inicio-azul-killer-bunnies-y-la-busqueda-de-la-zanahoria-magica-barato.html,Caja de inicio Azul - Killer Bunnies y la Búsqueda de la Zanahoria Mágica
8.97,14.95,"5,98 €",-40%,https://jugamosuna.es/tienda/7355/comprar-juego-de-tronos-el-juego-de-cartas-2-edicion-ciclo-de-danza-de-sombras-la-marcha-sobre-invernalia-barato.html,Juego de Tronos: El juego de cartas 2ª Edición. Ciclo de Danza de sombras- La marcha sobre Invernalia
17.47,24.95,"7,49 €",-30%,https://jugamosuna.es/tienda/9760/comprar-munchkin-zombis-barato.html,Munchkin Zombis
20.97,29.95,"8,99 €",-30%,https://jugamosuna.es/tienda/9837/comprar-zombies-13-defcon-z-barato.html,Zombies!!! 13: Defcon Z
13.97,19.95,"5,99 €",-30%,https://jugamosuna.es/tienda/10067/comprar-fichas-de-plastico-zombicide-barato.html,Fichas de Plástico - Zombicide
9.98,19.95,"9,98 €",-50%,https://jugamosuna.es/tienda/10105/comprar-fairy-tale-barato.html,Fairy Tale
8.97,14.95,"5,98 €",-40%,https://jugamosuna.es/tienda/7356/comprar-juego-de-tronos-el-juego-de-cartas-2-edicion-ciclo-de-bandada-de-cuervos-la-fe-militante-barato.html,Juego de Tronos: El juego de cartas 2ª Edición. Ciclo de Bandada de cuervos-La Fe Militante
9.98,19.95,"9,98 €",-50%,https://jugamosuna.es/tienda/9148/comprar-illusio-barato.html,Illusio
6.97,9.949999,"2,99 €",-30%,https://jugamosuna.es/tienda/9768/comprar-zombies-35-siguen-en-pie-barato.html,Zombies!!! 3.5: ¡Siguen en pie!
9.77,13.95,"4,19 €",-30%,https://jugamosuna.es/tienda/9838/comprar-munchkin-zombis-2-muertos-y-enfadados-barato.html,Munchkin Zombis 2: Muertos y Enfadados
10.47,14.95,"4,49 €",-30%,https://jugamosuna.es/tienda/10068/comprar-team-building-deck-zombicide-barato.html,Team Building Deck - Zombicide
29.98,59.950001,"29,98 €",-50%,https://jugamosuna.es/tienda/10106/comprar-munchkin-quest-barato.html,Munchkin Quest
8.97,14.95,"5,98 €",-40%,https://jugamosuna.es/tienda/7357/comprar-juego-de-tronos-el-juego-de-cartas-2-edicion-ciclo-de-bandada-de-cuervos-el-favor-de-los-antiguos-dioses-barato.html,Juego de Tronos: El juego de cartas 2ª Edición. Ciclo de Bandada de cuervos-El favor de los antiguos dioses
7.48,14.95,"7,48 €",-50%,https://jugamosuna.es/tienda/9153/comprar-dolores-barato.html,Dolores
20.97,29.95,"8,99 €",-30%,https://jugamosuna.es/tienda/9769/comprar-humanos-barato.html,Humanos!!!
9.07,12.95,"3,89 €",-30%,https://jugamosuna.es/tienda/9849/comprar-dados-zombicide-naranja-barato.html,Dados Zombicide Naranja
4.87,6.95,"2,09 €",-30%,https://jugamosuna.es/tienda/10069/comprar-indicadores-de-experiencia-calaveras-zombicide-barato.html,Indicadores de Experiencia (Calaveras) - Zombicide
4.98,9.949999,"4,98 €",-50%,https://jugamosuna.es/tienda/10107/comprar-munchkin-quest-portal-kombat-barato.html,Munchkin Quest: Portal Kombat
8.97,14.95,"5,98 €",-40%,https://jugamosuna.es/tienda/7358/comprar-juego-de-tronos-el-juego-de-cartas-2-edicion-ciclo-de-bandada-de-cuervos-la-llave-del-archimaestre-barato.html,Juego de Tronos: El juego de cartas 2ª Edición. Ciclo de Bandada de cuervos-La llave del archimaestre
9.07,12.95,"3,89 €",-30%,https://jugamosuna.es/tienda/9850/comprar-dados-zombicide-amarillo-barato.html,Dados Zombicide Amarillo
17.47,24.95,"7,49 €",-30%,https://jugamosuna.es/tienda/10070/comprar-rue-morgue-game-tiles-zombicide-barato.html,Rue Morgue Game Tiles - Zombicide
17.97,29.95,"11,98 €",-40%,https://jugamosuna.es/tienda/7359/comprar-juego-de-tronos-el-juego-de-cartas-2-edicion-expansiones-deluxe-vigilantes-del-muro-barato.html,Juego de Tronos: El juego de cartas 2ª Edición Expansiones deluxe - Vigilantes del Muro
7.48,14.95,"7,48 €",-50%,https://jugamosuna.es/tienda/9329/comprar-a-lo-loco-barato.html,A Lo Loco
20.97,29.95,"8,99 €",-30%,https://jugamosuna.es/tienda/9835/comprar-zombies-11-muerte-sa-barato.html,Zombies!!! 11: Muerte S.A.
10.47,14.95,"4,49 €",-30%,https://jugamosuna.es/tienda/10065/comprar-zombicide-storage-box-azul-barato.html,Zombicide Storage Box: Azul
9.98,19.95,"9,98 €",-50%,https://jugamosuna.es/tienda/10102/comprar-los-esoterroristas-barato.html,Los Esoterroristas
8.97,14.95,"5,98 €",-40%,https://jugamosuna.es/tienda/7354/comprar-juego-de-tronos-el-juego-de-cartas-2-edicion-ciclo-de-danza-de-sombras-la-ciudad-de-la-sombra-barato.html,Juego de Tronos: El juego de cartas 2ª Edición. Ciclo de Bandada de cuervos: Asamblea de sucesión
7.67,10.95,"3,29 €",-30%,https://jugamosuna.es/tienda/9759/comprar-munchkin-zombis-4-piezas-de-repuesto-barato.html,Munchkin Zombis 4: Piezas de Repuesto
17.47,24.95,"7,49 €",-30%,https://jugamosuna.es/tienda/9836/comprar-zombies-12-zoologico-zombie-barato.html,Zombies!!! 12: Zoológico Zombie
10.47,14.95,"4,49 €",-30%,https://jugamosuna.es/tienda/10066/comprar-zombicide-storage-box-roja-barato.html,Zombicide Storage Box: Roja
12.48,24.95,"12,48 €",-50%,https://jugamosuna.es/tienda/10104/comprar-caja-de-inicio-azul-killer-bunnies-y-la-busqueda-de-la-zanahoria-magica-barato.html,Caja de inicio Azul - Killer Bunnies y la Búsqueda de la Zanahoria Mágica
8.97,14.95,"5,98 €",-40%,https://jugamosuna.es/tienda/7355/comprar-juego-de-tronos-el-juego-de-cartas-2-edicion-ciclo-de-danza-de-sombras-la-marcha-sobre-invernalia-barato.html,Juego de Tronos: El juego de cartas 2ª Edición. Ciclo de Danza de sombras- La marcha sobre Invernalia
17.47,24.95,"7,49 €",-30%,https://jugamosuna.es/tienda/9760/comprar-munchkin-zombis-barato.html,Munchkin Zombis
20.97,29.95,"8,99 €",-30%,https://jugamosuna.es/tienda/9837/comprar-zombies-13-defcon-z-barato.html,Zombies!!! 13: Defcon Z
13.97,19.95,"5,99 €",-30%,https://jugamosuna.es/tienda/10067/comprar-fichas-de-plastico-zombicide-barato.html,Fichas de Plástico - Zombicide
9.98,19.95,"9,98 €",-50%,https://jugamosuna.es/tienda/10105/comprar-fairy-tale-barato.html,Fairy Tale
11.97,19.95,"7,98 €",-40%,https://jugamosuna.es/tienda/5400/compra-gaudi-barato.html,GAUDI
13.2,21.9978,"8,80 €",-40%,https://jugamosuna.es/tienda/557/el-hobbit-el-oro-encantado.html,El Hobbit: el oro encantado
21,35,"14,00 €",-40%,https://jugamosuna.es/tienda/929/comprar-firefly-expansion-piratas-y-cazarecompensas-barato.html,Firefly - Expansión Piratas y Cazarecompensas
32.97,54.95,"21,98 €",-40%,https://jugamosuna.es/tienda/3146/comprar-olympos-ingles-barato.html,Olympos (Inglés)
53.82,107.64,"53,82 €",-50%,https://jugamosuna.es/tienda/3188/star-wars-destiny-los-caminos-de-la-fuerza.html,Star Wars- Destiny: Los caminos de la Fuerza: Expositor de sobres de ampliación (36)
15,25,"10,00 €",-40%,https://jugamosuna.es/tienda/3217/comprar-truck-off-ingles-barato.html,Truck Off (Inglés)
29.97,49.95,"19,98 €",-40%,https://jugamosuna.es/tienda/3130/comprar-yspahan-ingles-barato.html,Yspahan (Inglés)
26.97,44.95,"17,98 €",-40%,https://jugamosuna.es/tienda/3131/comprar-mil-1049-barato.html,MIL (1049)
23.97,39.95,"15,98 €",-40%,https://jugamosuna.es/tienda/3136/comprar-hermagor-ingles-barato.html,Hermagor (Inglés)
26.97,44.95,"17,98 €",-40%,https://jugamosuna.es/tienda/3138/comprar-amyitis-ingles-barato.html,Amyitis (Inglés)
35.97,59.950001,"23,98 €",-40%,https://jugamosuna.es/tienda/3139/comprarhamburgum-ingles-barato.html,Hamburgum (Inglés)
20.97,34.950001,"13,98 €",-40%,https://jugamosuna.es/tienda/3429/comprar-bomb-squad-barato.html,Bomb Squad
24,40.0026,"16,00 €",-40%,https://jugamosuna.es/tienda/340/viento-del-norte.html,Viento del Norte
29.97,49.95,"19,98 €",-40%,https://jugamosuna.es/tienda/3140/comprar-nefertiti-ingles-barato.html,Nefertiti (Inglés)
32.97,54.95,"21,98 €",-40%,https://jugamosuna.es/tienda/3141/comprar-a-castle-for-all-seasons-ingles-barato.html,A Castle for all Seasons (Inglés)
35.97,59.950001,"23,98 €",-40%,https://jugamosuna.es/tienda/3142/comprar-princes-of-machu-picchu-ingles-barato.html,Princes of Machu Picchu (Inglés)
26.97,44.95,"17,98 €",-40%,https://jugamosuna.es/tienda/3143/comprar-havana-ingles-barato.html,Havana (Inglés)
35.97,59.950001,"23,98 €",-40%,https://jugamosuna.es/tienda/3145/comprar-airlines-europe-ingles-barato.html,Airlines: Europe (Inglés)
12.48,24.95,"12,48 €",-50%,https://jugamosuna.es/tienda/3055/comprar-munchkin-gloom-barato.html,Munchkin Gloom
10.47,14.95,"4,49 €",-30%,https://jugamosuna.es/tienda/3061/comprar-the-falconer-s-guild-dice-pack-barato.html,The Falconer's Guild Dice Pack
45.47,64.95,"19,49 €",-30%,https://jugamosuna.es/tienda/3063/comprar-the-faithful-new-beginnings-barato.html,The Faithful: New Beginnings
37.17,61.95,"24,78 €",-40%,https://jugamosuna.es/tienda/3091/comprar-comprar-epoch-early-inventors-ingles-barato.html,Epoch: Early Inventors (Inglés)
8.97,14.95,"5,98 €",-40%,https://jugamosuna.es/tienda/3122/comprar-el-busca-palabras-barato.html,El Busca Palabras
26.97,44.95,"17,98 €",-40%,https://jugamosuna.es/tienda/3124/comprar-la-citta-ingles-barato.html,La Citta (Inglés)
15.57,25.95,"10,38 €",-40%,https://jugamosuna.es/tienda/223/comprar-mano-a-mano-barato.html,Mano a mano
10.97,19.95,"8,98 €",-45%,https://jugamosuna.es/tienda/3051/comprar-between-two-cities-capitales-expansion-barato.html,Between two cities: capitales (Expansión)
19.77,32.95,"13,18 €",-40%,https://jugamosuna.es/tienda/2528/comprar-quinto-imperio-portugues-barato.html,Quinto Imperio (Portugues)
7.48,14.95,"7,48 €",-50%,https://jugamosuna.es/tienda/1383/comprar-las-mareas-de-la-locura-barato.html,Las Mareas de la Locura
8.97,14.95,"5,98 €",-40%,https://jugamosuna.es/tienda/1140/comprar-star-wars-x-wing-z-95-cazacabezas-barato.html,Star Wars X-Wing: Z-95 Cazacabezas
23.97,39.95,"15,98 €",-40%,https://jugamosuna.es/tienda/3939/comprar-the-river-barato.html,The River
23.97,39.95,"15,98 €",-40%,https://jugamosuna.es/tienda/2492/comprar-breaking-bad-el-juego-de-mesa-barato.html,Breaking Bad - El juego de mesa
4.21,4.95,"0,74 €",-15%,https://jugamosuna.es/tienda/1428/comprar-bote-salvavidas-2-edicion-clima-barato.html,Clima - Bote Salvavidas 2ª Edición
38.21,44.95,"6,74 €",-15%,https://jugamosuna.es/tienda/3630/comprar-entre-dos-castillos-del-rey-loco-ludwig-barato.html,Entre Dos Castillos Del Rey Loco Ludwig
23.99,39.99,"16,00 €",-40%,https://jugamosuna.es/tienda/3640/comprar-barony-barato.html,Barony
13.5,22.49995,"9,00 €",-40%,https://jugamosuna.es/tienda/1681/comprar-space-walk-barato.html,Space Walk
8.97,14.95,"5,98 €",-40%,https://jugamosuna.es/tienda/1872/comprar-pre-venta-la-leyenda-de-los-cinco-anillos-el-juego-de-cartas-el-trono-de-crisantemo-barato.html,El Trono de Crisantemo - La Leyenda de los Cinco Anillos el Juego de Cartas
8.97,14.95,"5,98 €",-40%,https://jugamosuna.es/tienda/1874/comprar-la-leyenda-de-los-cinco-anillos-el-juego-de-cartas-meditaciones-sobre-lo-efimero-barato.html,Meditaciones Sobre lo Efímero - La Leyenda de los Cinco Anillos el Juego de Cartas
8.97,14.95,"5,98 €",-40%,https://jugamosuna.es/tienda/1774/comprar-la-leyenda-de-los-cinco-anillos-el-juego-de-cartas-las-lagrimas-de-amaterasu-barato.html,Las Lágrimas de Amaterasu - La Leyenda de los Cinco Anillos el Juego de Cartas
97.71,114.95,"17,24 €",-15%,https://jugamosuna.es/tienda/8424/comprar-pack-la-gran-guerra-espanol-expansion-de-los-tanques-ingles-barato.html,Pack La Gran Guerra (Español) + Expansión de los Tanques (Inglés)
28.01,32.95,"4,94 €",-15%,https://jugamosuna.es/tienda/10199/comprar-armada-2nd-ed-7-wonders-ingles-barato.html,Armada 2nd Ed: 7 Wonders (Inglés)
4.8,8,"3,20 €",-40%,https://jugamosuna.es/tienda/1362/comprar-150-manos-rapidas-barato.html,Star Wars Destiny Espíritu de Rebelión - 150 - MANOS RÁPIDAS
4.2,7,"2,80 €",-40%,https://jugamosuna.es/tienda/1322/comprar-059-pistola-de-ascension-barato.html,Star Wars Destiny Espíritu de Rebelión - 059 - PISTOLA DE ASCENSIÓN (incluye dado)
3.6,6,"2,40 €",-40%,https://jugamosuna.es/tienda/1323/comprar-060-estafador-barato.html,Star Wars Destiny Espíritu de Rebelión - 060 - ESTAFADOR (incluye dado)
17.47,24.95,"7,49 €",-30%,https://jugamosuna.es/tienda/1643/comprar-zombicide-compendium-1-barato.html,Zombicide Compendium 1
35.97,59.950001,"23,98 €",-40%,https://jugamosuna.es/tienda/2159/comprar-arcadia-quest-mascotas-barato.html,Mascotas - Arcadia Quest
13.72,24.95,"11,23 €",-45%,https://jugamosuna.es/tienda/2548/comprar-por-favor-donde-esta-umtata-barato.html,Por Favor ¿Dónde Está Umtata?
14.98,29.95,"14,98 €",-50%,https://jugamosuna.es/tienda/2570/comprar-thunderstone-la-ira-de-los-elementos-barato.html,Thunderstone - La Ira de los Elementos
17.48,34.950001,"17,48 €",-50%,https://jugamosuna.es/tienda/2573/comprar-thunderstone-el-asedio-del-bosque-espinado-barato.html,Thunderstone - El Asedio del Bosque Espinado
8.98,19.95,"10,97 €",-55%,https://jugamosuna.es/tienda/2183/comprar-saqueo-en-la-mazmorra-barato.html,Saqueo en la Mazmorra
7.48,14.95,"7,48 €",-50%,https://jugamosuna.es/tienda/592/mafia-de-cuba-revolucion.html,Mafia de Cuba: ¡Revolución!
83.88,139.8,"55,92 €",-40%,https://jugamosuna.es/tienda/2041/comprar-star-wars-x-wing-pack-de-naves-7-barato.html,Pack de Naves 7 - Star Wars X-Wing
17.97,29.95,"11,98 €",-40%,https://jugamosuna.es/tienda/3763/comprar-la-cosa-nostra-barato.html,La Cosa Nostra
29.98,59.950001,"29,98 €",-50%,https://jugamosuna.es/tienda/2313/comprar-age-of-thieves-barato.html,Age of Thieves
8.97,14.95,"5,98 €",-40%,https://jugamosuna.es/tienda/1117/comprar-star-wars-x-wing-caza-tie-de-sabine-barato.html,Star Wars X-Wing: Caza TIE de Sabine
29.97,49.95,"19,98 €",-40%,https://jugamosuna.es/tienda/1435/comprar-el-trono-de-hierro-barato.html,Juego de Tronos: El Trono de Hierro
11.23,24.95,"13,72 €",-55%,https://jugamosuna.es/tienda/2547/comprar-titan-race-barato.html,Titan Race
5.97,9.949999,"3,98 €",-40%,https://jugamosuna.es/tienda/3788/comprar-keyforge-la-llamada-de-los-arcontes-barato.html,KeyForge: La llamada de los Arcontes
9.98,19.95,"9,98 €",-50%,https://jugamosuna.es/tienda/2406/comprar-dark-tales-barato.html,Dark Tales
9.98,19.95,"9,98 €",-50%,https://jugamosuna.es/tienda/3765/comprar-09112019-pikto-barato.html,Pikto
4.98,9.949999,"4,98 €",-50%,https://jugamosuna.es/tienda/4419/comprar-quiz-chef-barato.html,Quiz Chef
17.47,24.95,"7,49 €",-30%,https://jugamosuna.es/tienda/6107/comprar-zombicide-special-guest-paolo-parente-barato.html,Zombicide - Special Guest: Paolo Parente
9.95,9.95,,,https://jugamosuna.es/tienda/6111/Comprar-Story-Cubes-Heroes-Barato.html,Story Cubes Heroes
10.49,14.99,"4,50 €",-30%,https://jugamosuna.es/tienda/6287/comprar-malditas-momias-barato.html,Malditas Momias
8.97,14.95,"5,98 €",-40%,https://jugamosuna.es/tienda/3307/comprar-juego-de-tronos-el-juego-de-cartas-2-edicion-mazo-introductorio-de-la-casa-stark-barato.html,Juego de Tronos: El juego de cartas 2ª Edición - Mazo introductorio de la Casa Stark
11.97,19.95,"7,98 €",-40%,https://jugamosuna.es/tienda/2521/comprar-la-leyenda-de-los-cinco-anillos-el-juego-de-cartas-discipulos-del-vacio-barato.html,Discípulos del Vacío - La Leyenda de los Cinco Anillos: El Juego de Cartas
23.97,39.95,"15,98 €",-40%,https://jugamosuna.es/tienda/2935/comprar-star-wars-x-wing-renegados-de-saw-barato.html,Renegados de Saw - Star Wars X-Wing
8.97,14.95,"5,98 €",-40%,https://jugamosuna.es/tienda/3308/comprar-juego-de-tronos-el-juego-de-cartas-2-edicion-mazo-introductorio-de-la-casa-targaryen-barato.html,Juego de Tronos: El juego de cartas 2ª Edición - Mazo introductorio de la Casa Targaryen
17.97,29.95,"11,98 €",-40%,https://jugamosuna.es/tienda/2522/comprar-juego-de-tronos-el-juego-de-cartas-las-arenas-de-dorne-barato.html,Las Arenas de Dorne - Juego de Tronos: El Juego de Cartas
8.97,14.95,"5,98 €",-40%,https://jugamosuna.es/tienda/3309/comprar-juego-de-tronos-el-juego-de-cartas-2-edicion-mazo-introductorio-de-la-casa-tyrell-barato.html,Juego de Tronos: El juego de cartas 2ª Edición - Mazo introductorio de la Casa Tyrell
44.98,89.95,"44,98 €",-50%,https://jugamosuna.es/tienda/3311/comprar-rivet-wars-barato.html,Rivet Wars
38.97,64.95,"25,98 €",-40%,https://jugamosuna.es/tienda/3762/comprar-arcadia-quest-jinetes-barato.html,Arcadia Quest Jinetes
8.97,14.95,"5,98 €",-40%,https://jugamosuna.es/tienda/3314/comprar-juego-de-tronos-el-juego-de-cartas-2-edicion-las-calles-de-desembarco-del-rey-barato.html,Juego de Tronos: El juego de cartas 2ª Edición - Las calles de Desembarco del Rey
53.82,107.64,"53,82 €",-50%,https://jugamosuna.es/tienda/3764/comprar-star-wars-destiny-a-traves-de-la-galaxia-expositor-de-sobres-de-ampliacion-36-barato.html,Star Wars: Destiny - A través de la Galaxia : Expositor de sobres de ampliación (36)
8.97,14.95,"5,98 €",-40%,https://jugamosuna.es/tienda/2875/comprar-la-leyenda-de-los-cinco-anillos-el-juego-de-cartas-el-aliento-de-los-kami-barato.html,El Aliento de los Kami - La Leyenda de los Cinco Anillos: El Juego de Cartas
8.97,14.95,"5,98 €",-40%,https://jugamosuna.es/tienda/3423/comprar-juego-de-tronos-el-juego-de-cartas-2-edicion-musica-de-dragones-barato.html,Juego de Tronos: El juego de cartas 2ª Edición - Música de dragones
13.97,19.95,"5,99 €",-30%,https://jugamosuna.es/tienda/3768/comprar-monstruojo-barato.html,MonstruOjo
8.97,14.95,"5,98 €",-40%,https://jugamosuna.es/tienda/2877/comprar-la-leyenda-de-los-cinco-anillos-el-juego-de-cartas-el-fuego-interior-barato.html,El Fuego Interior - La Leyenda de los Cinco Anillos: El Juego de Cartas
34.98,69.95,"34,98 €",-50%,https://jugamosuna.es/tienda/2670/comprar-ricardo-corazon-de-leon-barato.html,Ricardo Corazón de León
8.97,14.95,"5,98 €",-40%,https://jugamosuna.es/tienda/2878/comprar-la-leyenda-de-los-cinco-anillos-el-juego-de-cartas-el-constante-devenir-barato.html,El Constante Devenir - La Leyenda de los Cinco Anillos: El Juego de Cartas
8.97,14.95,"5,98 €",-40%,https://jugamosuna.es/tienda/2880/comprar-la-leyenda-de-los-cinco-anillos-el-juego-de-cartas-elementos-desatados-barato.html,Elementos Desatados - La Leyenda de los Cinco Anillos: El Juego de Cartas
8.97,14.95,"5,98 €",-40%,https://jugamosuna.es/tienda/3301/comprar-juego-de-tronos-el-juego-de-cartas-2-edicion-mazo-introductorio-de-la-guardia-de-la-noche-barato.html,Juego de Tronos: El juego de cartas 2ª Edición - Mazo introductorio de la Guardia de la Noche
14.97,24.95,"9,98 €",-40%,https://jugamosuna.es/tienda/3526/comprar-el-puerto-barato.html,El Puerto
7.77,12.95,"5,18 €",-40%,https://jugamosuna.es/tienda/2557/comprar-arcadia-quest-hassan-barato.html,Hassan - Arcadia Quest
8.97,14.95,"5,98 €",-40%,https://jugamosuna.es/tienda/3302/comprar-juego-de-tronos-el-juego-de-cartas-2-edicion-mazo-introductorio-de-la-casa-baratheon-barato.html,Juego de Tronos: El juego de cartas 2ª Edición - Mazo introductorio de la Casa Baratheon
44.97,74.95,"29,98 €",-40%,https://jugamosuna.es/tienda/4026/comprar-colonos-de-marte-barato.html,COLONOS DE MARTE
8.97,14.95,"5,98 €",-40%,https://jugamosuna.es/tienda/3303/comprar-juego-de-tronos-el-juego-de-cartas-2-edicion-mazo-introductorio-de-la-casa-lannister-barato.html,Juego de Tronos: El juego de cartas 2ª Edición - Mazo introductorio de la Casa Lannister
8.97,14.95,"5,98 €",-40%,https://jugamosuna.es/tienda/3305/comprar-juego-de-tronos-el-juego-de-cartas-2-edicion-mazo-introductorio-de-la-casa-greyjoy-barato.html,Juego de Tronos: El juego de cartas 2ª Edición - Mazo introductorio de la Casa Greyjoy
8.97,14.95,"5,98 €",-40%,https://jugamosuna.es/tienda/3306/comprar-juego-de-tronos-el-juego-de-cartas-2-edicion-mazo-introductorio-de-la-casa-martell-barato.html,Juego de Tronos: El juego de cartas 2ª Edición - Mazo introductorio de la Casa Martell
17.47,24.95,"7,49 €",-30%,https://jugamosuna.es/tienda/4256/comprar-zombicide-vip-very-infected-people-1-barato.html,Zombicide: VIP - Very Infected People 1
17.97,29.95,"11,98 €",-40%,https://jugamosuna.es/tienda/1834/comprar-star-wars-x-wing-ases-imperiales-barato.html,Ases Imperiales - Star Wars X-Wing
7.48,14.95,"7,48 €",-50%,https://jugamosuna.es/tienda/2034/comprar-star-wars-destiny-legados-expositor-de-sobres-de-ampliacion-36-barato.html,Caja de Inicio: Boba Fett - Star Wars Destiny
14.97,24.95,"9,98 €",-40%,https://jugamosuna.es/tienda/1713/comprar-runewars-el-juego-de-miniaturas-grupo-de-mando-de-infanteria-de-elfos-latari-barato.html,Grupo de Mando de Infantería de Elfos Latari - Runewars: El Juego de Miniaturas
10.47,14.95,"4,49 €",-30%,https://jugamosuna.es/tienda/2161/comprar-zombies-vs-cheerleaders-barato.html,Zombies vs. Cheerleaders
9.98,19.95,"9,98 €",-50%,https://jugamosuna.es/tienda/2412/comprar-carta-impera-victoria-barato.html,Carta Impera Victoria
14.97,24.95,"9,98 €",-40%,https://jugamosuna.es/tienda/1714/comprar-runewars-el-juego-de-miniaturas-arqueros-de-bosqueprofundo-barato.html,Arqueros de Bosqueprofundo - Runewars: El Juego de Miniaturas
19.98,39.95,"19,98 €",-50%,https://jugamosuna.es/tienda/2163/comprar-venganza-expansion-del-clan-rosario-barato.html,Expansión del Clan Rosario - Venganza
14.97,24.95,"9,98 €",-40%,https://jugamosuna.es/tienda/1715/comprar-runewars-el-juego-de-miniaturas-jinetes-de-leonx-barato.html,Jinetes de Leonx - Runewars: El Juego de Miniaturas
14.97,24.95,"9,98 €",-40%,https://jugamosuna.es/tienda/1716/comprar-runewars-el-juego-de-miniaturas-maegan-cyndewin-barato.html,Maegan Cyndewin - Runewars: El Juego de Miniaturas
8.97,14.95,"5,98 €",-40%,https://jugamosuna.es/tienda/1873/comprar-la-leyenda-de-los-cinco-anillos-el-juego-de-cartas-el-destino-no-tiene-secretos-barato.html,El Destino No Tiene Secretos - La Leyenda de los Cinco Anillos el Juego de Cartas
23.97,39.95,"15,98 €",-40%,https://jugamosuna.es/tienda/1940/comprar-star-wars-x-wing-bombardero-de-la-resistencia-barato.html,Bombardero de la Resistencia - Star Wars X-Wing
17.97,29.95,"11,98 €",-40%,https://jugamosuna.es/tienda/1941/comprar-star-wars-x-wingsilenciador-tie-barato.html,Silenciador TIE - Star Wars X-Wing
14.97,24.95,"9,98 €",-40%,https://jugamosuna.es/tienda/1747/comprar-runewars-el-juego-de-miniaturas-los-senores-de-daqan-ballesteros-pesados-barato.html,Los Señores de Daqan: Ballesteros Pesados - Runewars: El Juego de Miniaturas
7.77,12.95,"5,18 €",-40%,https://jugamosuna.es/tienda/1897/comprar-juego-de-tronos-intriga-en-poniente-juego-de-cartas-barato.html,Juego de Tronos: Intriga en Poniente
23.97,39.95,"15,98 €",-40%,https://jugamosuna.es/tienda/1658/comprar-la-leyenda-de-los-cinco-anillos-el-juego-de-cartas-barato.html,La Leyenda de los Cinco Anillos: El Juego de Cartas
14.97,24.95,"9,98 €",-40%,https://jugamosuna.es/tienda/1748/comprar-runewars-el-juego-de-miniaturas-waiqar-el-inmortal-caballeros-de-la-muerte-barato.html,Waiqar el Inmortal: Caballeros de la Muerte - Runewars: El Juego de Miniaturas
12.48,24.95,"12,48 €",-50%,https://jugamosuna.es/tienda/1901/comprar-leyendas-de-luma-nomadas-barato.html,Leyendas de Luma: Nómadas
11.97,19.95,"7,98 €",-40%,https://jugamosuna.es/tienda/1905/comprar-tapete-senor-de-los-secretos-barato.html,Tapete Señor de los Secretos - Clan Escorpión
35.97,59.950001,"23,98 €",-40%,https://jugamosuna.es/tienda/1953/comprar-runewars-el-juego-de-miniaturas-uthuk-yllan-barato.html,Uthuk Y’llan - Runewars: El Juego de Miniaturas
9.98,19.95,"9,98 €",-50%,https://jugamosuna.es/tienda/1768/comprar-storyline-cuentos-de-hadas-barato.html,StoryLine: Cuentos de Hadas
11.97,19.95,"7,98 €",-40%,https://jugamosuna.es/tienda/1906/comprar-tapete-la-mano-izquierda-del-emperador-barato.html,Tapete Mano Izquierda del Emperador - Clan Grulla
14.97,24.95,"9,98 €",-40%,https://jugamosuna.es/tienda/1955/comprar-runewars-el-juego-de-miniaturas-grupo-de-mando-de-infanteria-uthuk-barato.html,Grupo de Mando de Infantería Uthuk Y’llan - Runewars: El Juego de Miniaturas
14.97,24.95,"9,98 €",-40%,https://jugamosuna.es/tienda/2255/comprar-chaos-marauders-barato.html,Chaos Marauders
17.48,34.950001,"17,48 €",-50%,https://jugamosuna.es/tienda/1791/comprar-inventores-legendarios-barato.html,Inventores Legendarios
17.97,29.95,"11,98 €",-40%,https://jugamosuna.es/tienda/2259/comprar-mutant-chronicles-caja-basica-barato.html,Mutant Chronicles Caja Básica
7.48,14.95,"7,48 €",-50%,https://jugamosuna.es/tienda/2396/comprar-stoplight-barato.html,Stoplight
8.97,14.95,"5,98 €",-40%,https://jugamosuna.es/tienda/1792/comprar-la-leyenda-de-los-cinco-anillos-el-juego-de-cartas-barato.html,Por el Honor y la Gloria - La Leyenda de los Cinco Anillos el Juego de Cartas
9.98,19.95,"9,98 €",-50%,https://jugamosuna.es/tienda/2260/comprar-scarab-lords-barato.html,Scarab Lords
14.97,24.95,"9,98 €",-40%,https://jugamosuna.es/tienda/2400/comprar-attack-of-the-jelly-monster-barato.html,Attack of the Jelly Monster
4.77,7.95,"3,18 €",-40%,https://jugamosuna.es/tienda/1830/comprar-runewars-the-miniatures-game-dice-pack-barato.html,Dice Pack - RuneWars: The Miniatures Game
7.48,14.95,"7,48 €",-50%,https://jugamosuna.es/tienda/2126/comprar-star-wars-destiny-rivales-set-de-draft-barato.html,Rivales: Set de Draft - Star Wars Destiny
17.48,34.950001,"17,48 €",-50%,https://jugamosuna.es/tienda/2402/comprar-gateway-uprising-barato.html,Gateway Uprising
25.46,29.95,"4,49 €",-15%,https://jugamosuna.es/tienda/10073/comprar-adventuring-party-clank-ingles-barato.html,Adventuring Party - Clank!  (Inglés)
20.66,22.95,"2,30 €",-10%,https://jugamosuna.es/tienda/10144/comprar-simple-great-battles-of-history-2nd-edition-ingles-barato.html,Simple Great Battles of History 2nd Edition (Inglés)
2.48,4.95,"2,48 €",-50%,https://jugamosuna.es/tienda/10101/comprar-dados-hipster-barato.html,Dados Hipster
17.37,28.95,"11,58 €",-40%,https://jugamosuna.es/tienda/2150/sector-6.html,Sector 6
32.48,64.95,"32,48 €",-50%,https://jugamosuna.es/tienda/9155/comprar-moto-grand-prix-barato.html,Moto grand prix
12.57,17.95,"5,39 €",-30%,https://jugamosuna.es/tienda/9770/comprar-humanos-2-dieta-marina-barato.html,Humanos!!! 2: Dieta Marina
7.48,14.95,"7,48 €",-50%,https://jugamosuna.es/tienda/9344/comprar-millions-of-dollars-barato.html,MILLIONS OF DOLLARS
23.97,39.95,"15,98 €",-40%,https://jugamosuna.es/tienda/2053/comprar-torres-barato.html,Torres (Holandés)
12.48,24.9502,"12,48 €",-50%,https://jugamosuna.es/tienda/9347/comprar-kharnage-barato.html,Kharnage
13.97,19.95,"5,99 €",-30%,https://jugamosuna.es/tienda/745/comprar-revolver-2-barato.html,Revolver 2 (Inglés)
9.57,15.95,"6,38 €",-40%,https://jugamosuna.es/tienda/748/comprar-the-rose-king-barato.html,The Rose King (Holandés)
30.56,33.95,"3,40 €",-10%,https://jugamosuna.es/tienda/9515/comprar-crud-creek-nosepickers-team-blood-bowl-barato.html,Crud Creek Nosepickers Team - Blood Bowl
11.97,19.95,"7,98 €",-40%,https://jugamosuna.es/tienda/755/comprar-daxu-barato.html,Daxu (Inglés)
11.97,19.95,"7,98 €",-40%,https://jugamosuna.es/tienda/757/comprar-hong-barato.html,Hong (Inglés)
34.97,49.95,"14,99 €",-30%,https://jugamosuna.es/tienda/758/comprar-orleans-barato.html,Orléans (Holandés)
14.97,24.95,"9,98 €",-40%,https://jugamosuna.es/tienda/2721/comprar-ivanhoe-the-age-of-chivalry-barato.html,Ivanhoe: The Age of Chivalry (Inglés)
36.55,43,"6,45 €",-15%,https://jugamosuna.es/tienda/3579/comprar-2018-carpe-diem-barato.html,CARPE DIEM
33.96,39.95,"5,99 €",-15%,https://jugamosuna.es/tienda/3577/comprar-lincoln-barato.html,Lincoln
55.21,64.95,"9,74 €",-15%,https://jugamosuna.es/tienda/2567/comprar-agra-barato.html,Agra
14.97,24.95,"9,98 €",-40%,https://jugamosuna.es/tienda/1402/comprar-yangtze-barato.html,Yangtze
5.97,9.949999,"3,98 €",-40%,https://jugamosuna.es/tienda/2742/comprar-13-ghosts-barato.html,13 Ghosts (Inglés)
23.97,39.95,"15,98 €",-40%,https://jugamosuna.es/tienda/1182/comprar-star-wars-x-wing-diente-de-perro-barato.html,Diente de Perro - Star Wars X-Wing
8.97,14.95,"5,98 €",-40%,https://jugamosuna.es/tienda/1477/comprar-star-wars-x-wing-canonera-auzituck-barato.html,Cañonera Auzituck - Star Wars X-Wing
11.97,19.95,"7,98 €",-40%,https://jugamosuna.es/tienda/1478/comprar-star-wars-x-wing-bombardero-scurrg-h-6-barato.html,Bombardero Scurrg H-6 - Star Wars X-Wing
16.96,19.95,"2,99 €",-15%,https://jugamosuna.es/tienda/2837/comprar-amun-re-el-juego-de-cartas-barato.html,Amun-Re: El Juego de Cartas
23.97,39.95,"15,98 €",-40%,https://jugamosuna.es/tienda/2753/comprar-drum-roll-barato.html,Drum Roll (Inglés)
9.98,19.95,"9,98 €",-50%,https://jugamosuna.es/tienda/899/tesoros-inesperados-barato.html,Tesoros Inesperados
35.97,59.950001,"23,98 €",-40%,https://jugamosuna.es/tienda/533/comprar-arcadia-quest-mas-alla-de-la-tumba-barato.html,Arcadia Quest: Más allá de la tumba
22.91,26.95,"4,04 €",-15%,https://jugamosuna.es/tienda/2405/comprar-north-american-railways-barato.html,North American Railways
42,70,"28,00 €",-40%,https://jugamosuna.es/tienda/6414/comprar-guild-ball-the-brewer-s-guild-sing-when-you-re-winning-barato.html,Guild Ball: The Brewer's Guild: Sing When You're Winning
42,70,"28,00 €",-40%,https://jugamosuna.es/tienda/6415/comprar-guild-ball-the-engineer-s-guild-the-instruments-of-war-barato.html,Guild Ball: The Engineer's Guild: The Instruments of War
7.8,13,"5,20 €",-40%,https://jugamosuna.es/tienda/6416/comprar-guild-ball-the-engineer-s-guild-veteran-harriet-barato.html,Guild Ball: The Engineer's Guild: Veteran Harriet
10.2,17,"6,80 €",-40%,https://jugamosuna.es/tienda/6417/comprar-guild-ball-the-union-veteran-fangtooth-barato.html,Guild Ball: The Order: Veteran Fangtooth
7.8,13,"5,20 €",-40%,https://jugamosuna.es/tienda/6418/comprar-guild-ball-the-order-seasoned-spigot-barato.html,Guild Ball: The Order: Seasoned Spigot
6.6,11,"4,40 €",-40%,https://jugamosuna.es/tienda/6419/comprar-guild-ball-season-4-game-plan-deck-barato.html,Guild Ball: Season 4 Game Plan Deck
42,70,"28,00 €",-40%,https://jugamosuna.es/tienda/7295/comprar-guild-ball-the-order-faithful-of-solthecius-ingles-barato.html,Guild Ball: The Order - Faithful of Solthecius (Inglés)
42,70,"28,00 €",-40%,https://jugamosuna.es/tienda/7330/comprar-guild-ball-the-union-shadow-of-the-tyrant-ingles-barato.html,Guild Ball: The Union - Shadow of the Tyrant (Inglés)
42,70,"28,00 €",-40%,https://jugamosuna.es/tienda/7331/comprar-guild-ball-the-union-the-bloody-coin-ingles-barato.html,Guild Ball: The Union - The Bloody Coin (Inglés)
42,70,"28,00 €",-40%,https://jugamosuna.es/tienda/7677/comprar-guild-ball-the-shepherds-by-hook-or-by-crook-ingles-barato.html,Guild Ball: The Shepherds - By hook or by crook (Inglés)
7.8,13,"5,20 €",-40%,https://jugamosuna.es/tienda/6249/comprar-the-mortician-s-guild-veteran-hemlocke-ingles-barato.html,Guild Ball - The Mortician's Guild: Veteran Hemlocke (Inglés)
42,70,"28,00 €",-40%,https://jugamosuna.es/tienda/6413/comprar-the-brewers-guild-a-drop-of-old-jakes-barato.html,Guild Ball: The Brewer’s Guild: A Drop of Old Jakes
11.23,24.95,"13,72 €",-55%,https://jugamosuna.es/tienda/4983/comprar-doodle-rush-barato.html,DOODLE RUSH
34.77,57.95,"23,18 €",-40%,https://jugamosuna.es/tienda/2192/comprar-sola-fide-the-reformation-barato.html,Sola Fide The Reformation (Inglés)
8.98,19.95,"10,97 €",-55%,https://jugamosuna.es/tienda/2545/comprar-cthulhus-pocket-madness-barato.html,Cthulhu’s Pocket Madness
19.98,39.95,"19,98 €",-50%,https://jugamosuna.es/tienda/1367/comprar-heroes-barato.html,Héroes
13.48,29.9475,"16,47 €",-55%,https://jugamosuna.es/tienda/2380/comprar-cuenta-cuentos-barato.html,Cuenta Cuentos
0.6,1,"0,40 €",-40%,https://jugamosuna.es/tienda/1344/comprar-105-la-fuerza-es-mi-aliada-barato.html,Star Wars Destiny Espíritu de Rebelión - 105 - LA FUERZA ES MI ALIADA
0.6,1,"0,40 €",-40%,https://jugamosuna.es/tienda/1345/comprar-107-tus-ojos-pueden-enganarte-barato.html,Star Wars Destiny Espíritu de Rebelión - 107 - TUS OJOS PUEDEN ENGAÑARTE
0.6,1,"0,40 €",-40%,https://jugamosuna.es/tienda/1327/comprar-068-ya-son-nuestros-barato.html,Star Wars Destiny Espíritu de Rebelión - 068 - YA SON NUESTROS
29.97,49.95,"19,98 €",-40%,https://jugamosuna.es/tienda/559/comprar-blue-moon-legends-barato.html,Blue Moon Legends
12.48,24.95,"12,48 €",-50%,https://jugamosuna.es/tienda/1502/comprar-oh-capitan-barato.html,¡Oh Capitán!
23.97,39.95,"15,98 €",-40%,https://jugamosuna.es/tienda/2743/comprar-fields-of-green-barato.html,Fields of Green (Inglés)
17.97,29.95,"11,98 €",-40%,https://jugamosuna.es/tienda/999/comprar-medici-barato.html,Medici (inglés)
0.6,1,"0,40 €",-40%,https://jugamosuna.es/tienda/1328/comprar-070-inspeccion-imperial-barato.html,Star Wars Destiny Espíritu de Rebelión -  070 - INSPECCIÓN IMPERIAL
0.6,1,"0,40 €",-40%,https://jugamosuna.es/tienda/1354/comprar-131-premoniciones-barato.html,Star Wars Destiny Espíritu de Rebelión - 131 - PREMONICIONES
21.57,35.95,"14,38 €",-40%,https://jugamosuna.es/tienda/1434/comprar-odyssey-la-ira-de-poseidon-barato.html,Odyssey - La Ira de Poseidón
35.97,59.950001,"23,98 €",-40%,https://jugamosuna.es/tienda/1507/comprar-runewars-el-juego-de-miniaturas-elfos-latari-expansion-de-ejercito-barato.html,Elfos Latari - Expansión de ejército - Runewars: El juego de miniaturas
26.97,44.95,"17,98 €",-40%,https://jugamosuna.es/tienda/1579/comprar-star-wars-x-wing-pack-de-naves-2-barato.html,Pack de Naves 2 - Star Wars X-Wing
4.77,7.95,"3,18 €",-40%,https://jugamosuna.es/tienda/1677/comprar-clubs-barato.html,Clubs (Inglés)
17.97,29.95,"11,98 €",-40%,https://jugamosuna.es/tienda/1920/comprar-sensei-barato.html,Sensei (Inglés)
18.57,30.95,"12,38 €",-40%,https://jugamosuna.es/tienda/1968/comprar-icarus-barato.html,Icarus (Inglés)
29.97,49.95,"19,98 €",-40%,https://jugamosuna.es/tienda/2073/comprar-pioneers-barato.html,Pioneers (Inglés)
20.97,34.950001,"13,98 €",-40%,https://jugamosuna.es/tienda/2094/dragon-valley-ingles.html,Dragon Valley (Inglés)
7.77,12.95,"5,18 €",-40%,https://jugamosuna.es/tienda/2209/comprar-guild-ball-season-3-player-card-deck-ingles-barato.html,Season 3 Player Card Deck - Guild Ball (Inglés)
8.97,14.95,"5,98 €",-40%,https://jugamosuna.es/tienda/2230/comprar-guild-ball-fisherman-s-dice-x10-ingles-barato.html,Fisherman's Dice x10 - Guild Ball (Inglés)
35.97,59.950001,"23,98 €",-40%,https://jugamosuna.es/tienda/1085/comprar-key-to-the-city-london-barato.html,Key to the City – London
1.8,3,"1,20 €",-40%,https://jugamosuna.es/tienda/1352/comprar-125-instruccion-barato.html,Star Wars Destiny Espíritu de Rebelión - 125 - INSTRUCCIÓN
14.37,23.949999,"9,58 €",-40%,https://jugamosuna.es/tienda/1676/comprar-clonk-barato.html,Clonk!
8.97,14.95,"5,98 €",-40%,https://jugamosuna.es/tienda/1919/comprar-locos-crononautas-barato.html,Locos Crononautas
21.57,35.95,"14,38 €",-40%,https://jugamosuna.es/tienda/1967/comprar-i-say-holmes-2nd-edition-barato.html,"I Say, Holmes! 2nd Edition (Inglés)"
20.97,34.950001,"13,98 €",-40%,https://jugamosuna.es/tienda/2032/comprar-cottage-garden-barato.html,Cottage Garden (Holandés)
23.97,39.95,"15,98 €",-40%,https://jugamosuna.es/tienda/2074/comprar-risky-adventure-barato.html,Risky Adventure (Inglés)
32.97,54.95,"21,98 €",-40%,https://jugamosuna.es/tienda/2212/comprar-guild-ball-the-farmer-s-guild-old-father-s-harvest-ingles-alternate-millstone-alternate-millstone-barato.html,Old Father's Harvest - The Farmer's Guild - Guild Ball (Inglés) + Alternate Millstone
38.97,64.95,"25,98 €",-40%,https://jugamosuna.es/tienda/2231/comprar-guild-ball-the-hunter-s-guild-blessed-of-the-sun-father-ingles-barato.html,Blessed of the Sun Father - The Hunter's Guild - Guild Ball (Inglés)
17.97,29.95,"11,98 €",-40%,https://jugamosuna.es/tienda/999/comprar-medici-barato.html,Medici (inglés)
0.6,1,"0,40 €",-40%,https://jugamosuna.es/tienda/1328/comprar-070-inspeccion-imperial-barato.html,Star Wars Destiny Espíritu de Rebelión -  070 - INSPECCIÓN IMPERIAL
0.6,1,"0,40 €",-40%,https://jugamosuna.es/tienda/1354/comprar-131-premoniciones-barato.html,Star Wars Destiny Espíritu de Rebelión - 131 - PREMONICIONES
21.57,35.95,"14,38 €",-40%,https://jugamosuna.es/tienda/1434/comprar-odyssey-la-ira-de-poseidon-barato.html,Odyssey - La Ira de Poseidón
35.97,59.950001,"23,98 €",-40%,https://jugamosuna.es/tienda/1507/comprar-runewars-el-juego-de-miniaturas-elfos-latari-expansion-de-ejercito-barato.html,Elfos Latari - Expansión de ejército - Runewars: El juego de miniaturas
26.97,44.95,"17,98 €",-40%,https://jugamosuna.es/tienda/1579/comprar-star-wars-x-wing-pack-de-naves-2-barato.html,Pack de Naves 2 - Star Wars X-Wing
4.77,7.95,"3,18 €",-40%,https://jugamosuna.es/tienda/1677/comprar-clubs-barato.html,Clubs (Inglés)
17.97,29.95,"11,98 €",-40%,https://jugamosuna.es/tienda/1920/comprar-sensei-barato.html,Sensei (Inglés)
18.57,30.95,"12,38 €",-40%,https://jugamosuna.es/tienda/1968/comprar-icarus-barato.html,Icarus (Inglés)
14.97,24.95,"9,98 €",-40%,https://jugamosuna.es/tienda/2075/comprar-tip-tap-barato.html,Tip Tap (Inglés)
23.97,39.95,"15,98 €",-40%,https://jugamosuna.es/tienda/2213/guild-ball-mason-s-and-brewer-s-terrain-pack-ingles.html,Mason's and Brewer's Terrain Pack - Guild Ball (Inglés)
11.97,19.95,"7,98 €",-40%,https://jugamosuna.es/tienda/2233/comprar-guild-ball-the-hunter-s-guild-chaska-ingles-barato.html,Chaska - The Hunter's Guild - Guild Ball (Inglés)
48,80.0052,"32,00 €",-40%,https://jugamosuna.es/tienda/1015/comprar-seafall-legacy-barato.html,SEAFALL (LEGACY)
0.6,1,"0,40 €",-40%,https://jugamosuna.es/tienda/1329/comprar-071-ira-barato.html,Star Wars Destiny Espíritu de Rebelión - 071 - IRA
0.6,1,"0,40 €",-40%,https://jugamosuna.es/tienda/1357/comprar-137-nuevas-ordenes-barato.html,Star Wars Destiny Espíritu de Rebelión -  137 - NUEVAS ÓRDENES
11.97,19.95,"7,98 €",-40%,https://jugamosuna.es/tienda/1510/comprar-flap-flap-barato.html,Flap - Flap
23.37,38.95,"15,58 €",-40%,https://jugamosuna.es/tienda/1921/comprar-antarctica-barato.html,Antarctica (Inglés)
22.77,37.95,"15,18 €",-40%,https://jugamosuna.es/tienda/1974/comprar-leuthen-frederick-s-greatest-victory-barato.html,Leuthen: Frederick's Greatest Victory (Inglés)
27.97,39.95,"11,99 €",-30%,https://jugamosuna.es/tienda/2076/comprar-world-monuments-barato.html,World Monuments (Inglés)
26.97,44.95,"17,98 €",-40%,https://jugamosuna.es/tienda/2214/comprar-guild-ball-the-blacksmith-s-guild-forged-from-steel-ingles-barato.html,Forged From Steel - The Blacksmith's Guild - Guild Ball (Inglés)
38.97,64.95,"25,98 €",-40%,https://jugamosuna.es/tienda/2237/comprar-guild-ball-the-mortician-s-guild-the-master-of-puppets-ingles-barato.html,The Master of Puppets - The Mortician's Guild - Guild Ball (Inglés)
14.98,29.95,"14,98 €",-50%,https://jugamosuna.es/tienda/609/viceroy.html,Viceroy (Inglés)
18.57,30.95,"12,38 €",-40%,https://jugamosuna.es/tienda/779/comprar-patrician-ingles-barato.html,Patrician (Inglés)
20.97,34.950001,"13,98 €",-40%,https://jugamosuna.es/tienda/1045/comprar-piratoons-barato.html,PIRATOONS
0.6,1,"0,40 €",-40%,https://jugamosuna.es/tienda/1333/comprar-083-amistades-en-las-altas-esferas-barato.html,Star Wars Destiny Espíritu de Rebelión - 083 - AMISTADES EN LAS ALTAS ESFERAS
22.17,36.95,"14,78 €",-40%,https://jugamosuna.es/tienda/1975/comprar-moonbase-alpha-barato.html,Moonbase Alpha (Inglés)
0.6,1,"0,40 €",-40%,https://jugamosuna.es/tienda/1354/comprar-131-premoniciones-barato.html,Star Wars Destiny Espíritu de Rebelión - 131 - PREMONICIONES
21.57,35.95,"14,38 €",-40%,https://jugamosuna.es/tienda/1434/comprar-odyssey-la-ira-de-poseidon-barato.html,Odyssey - La Ira de Poseidón
35.97,59.950001,"23,98 €",-40%,https://jugamosuna.es/tienda/1507/comprar-runewars-el-juego-de-miniaturas-elfos-latari-expansion-de-ejercito-barato.html,Elfos Latari - Expansión de ejército - Runewars: El juego de miniaturas
26.97,44.95,"17,98 €",-40%,https://jugamosuna.es/tienda/1579/comprar-star-wars-x-wing-pack-de-naves-2-barato.html,Pack de Naves 2 - Star Wars X-Wing
4.77,7.95,"3,18 €",-40%,https://jugamosuna.es/tienda/1677/comprar-clubs-barato.html,Clubs (Inglés)
17.97,29.95,"11,98 €",-40%,https://jugamosuna.es/tienda/1920/comprar-sensei-barato.html,Sensei (Inglés)
18.57,30.95,"12,38 €",-40%,https://jugamosuna.es/tienda/1968/comprar-icarus-barato.html,Icarus (Inglés)
14.97,24.95,"9,98 €",-40%,https://jugamosuna.es/tienda/2075/comprar-tip-tap-barato.html,Tip Tap (Inglés)
23.97,39.95,"15,98 €",-40%,https://jugamosuna.es/tienda/2213/guild-ball-mason-s-and-brewer-s-terrain-pack-ingles.html,Mason's and Brewer's Terrain Pack - Guild Ball (Inglés)
11.97,19.95,"7,98 €",-40%,https://jugamosuna.es/tienda/2233/comprar-guild-ball-the-hunter-s-guild-chaska-ingles-barato.html,Chaska - The Hunter's Guild - Guild Ball (Inglés)
48,80.0052,"32,00 €",-40%,https://jugamosuna.es/tienda/1015/comprar-seafall-legacy-barato.html,SEAFALL (LEGACY)
0.6,1,"0,40 €",-40%,https://jugamosuna.es/tienda/1329/comprar-071-ira-barato.html,Star Wars Destiny Espíritu de Rebelión - 071 - IRA
0.6,1,"0,40 €",-40%,https://jugamosuna.es/tienda/1357/comprar-137-nuevas-ordenes-barato.html,Star Wars Destiny Espíritu de Rebelión -  137 - NUEVAS ÓRDENES
11.97,19.95,"7,98 €",-40%,https://jugamosuna.es/tienda/1510/comprar-flap-flap-barato.html,Flap - Flap
23.37,38.95,"15,58 €",-40%,https://jugamosuna.es/tienda/1921/comprar-antarctica-barato.html,Antarctica (Inglés)
22.77,37.95,"15,18 €",-40%,https://jugamosuna.es/tienda/1974/comprar-leuthen-frederick-s-greatest-victory-barato.html,Leuthen: Frederick's Greatest Victory (Inglés)
27.97,39.95,"11,99 €",-30%,https://jugamosuna.es/tienda/2076/comprar-world-monuments-barato.html,World Monuments (Inglés)
26.97,44.95,"17,98 €",-40%,https://jugamosuna.es/tienda/2214/comprar-guild-ball-the-blacksmith-s-guild-forged-from-steel-ingles-barato.html,Forged From Steel - The Blacksmith's Guild - Guild Ball (Inglés)
38.97,64.95,"25,98 €",-40%,https://jugamosuna.es/tienda/2237/comprar-guild-ball-the-mortician-s-guild-the-master-of-puppets-ingles-barato.html,The Master of Puppets - The Mortician's Guild - Guild Ball (Inglés)
14.98,29.95,"14,98 €",-50%,https://jugamosuna.es/tienda/609/viceroy.html,Viceroy (Inglés)
18.57,30.95,"12,38 €",-40%,https://jugamosuna.es/tienda/779/comprar-patrician-ingles-barato.html,Patrician (Inglés)
20.97,34.950001,"13,98 €",-40%,https://jugamosuna.es/tienda/1045/comprar-piratoons-barato.html,PIRATOONS
0.6,1,"0,40 €",-40%,https://jugamosuna.es/tienda/1333/comprar-083-amistades-en-las-altas-esferas-barato.html,Star Wars Destiny Espíritu de Rebelión - 083 - AMISTADES EN LAS ALTAS ESFERAS
22.17,36.95,"14,78 €",-40%,https://jugamosuna.es/tienda/1975/comprar-moonbase-alpha-barato.html,Moonbase Alpha (Inglés)
20.97,34.950001,"13,98 €",-40%,https://jugamosuna.es/tienda/2077/comprar-captain-silver-barato.html,Captain Silver (Ingles)
8.97,14.95,"5,98 €",-40%,https://jugamosuna.es/tienda/2215/comprar-guild-ball-the-blacksmith-s-guild-dice-pack-ingles-barato.html,The Blacksmith's Guild Dice Pack - Guild Ball (Inglés)
8.97,14.95,"5,98 €",-40%,https://jugamosuna.es/tienda/2239/comprar-guild-ball-mortician-s-dice-x10-ingles-barato.html,Mortician's Dice x10 - Guild Ball (Inglés)
0.6,1,"0,40 €",-40%,https://jugamosuna.es/tienda/1334/comprar-084-cabos-sueltos-barato.html,Star Wars Destiny Espíritu de Rebelión - 084 - CABOS SUELTOS
0.6,1,"0,40 €",-40%,https://jugamosuna.es/tienda/1363/comprar-151-camara-de-congelacion-barato.html,Star Wars Destiny Espíritu de Rebelión - 151 - CÁMARA DE CONGELACIÓN
20.37,33.95,"13,58 €",-40%,https://jugamosuna.es/tienda/1983/comprar-planet-rush-barato.html,Planet Rush (Inglés)
24.47,34.950001,"10,49 €",-30%,https://jugamosuna.es/tienda/2078/comprar-chef-alfredo-barato.html,Chef Alfredo (Inglés)
38.97,64.95,"25,98 €",-40%,https://jugamosuna.es/tienda/2216/comprar-guild-ball-the-alchemist-s-guild-the-lure-of-gold-ingles-barato.html,The Lure of Gold - The Alchemist's Guild - Guild Ball (Inglés)
38.97,64.95,"25,98 €",-40%,https://jugamosuna.es/tienda/2240/comprar-guild-ball-the-union-shadow-of-the-tyrant-ingles-barato.html,Shadow of the Tyrant - The Union - Guild Ball (Inglés)
7.17,11.95,"4,78 €",-40%,https://jugamosuna.es/tienda/651/comprar-story-cubes-batman-barato.html,Story Cubes Batman
17.97,29.95,"11,98 €",-40%,https://jugamosuna.es/tienda/1047/comprar-the-boss-barato.html,The Boss
0.6,1,"0,40 €",-40%,https://jugamosuna.es/tienda/1335/comprar-087-compra-de-chatarra-barato.html,Star Wars Destiny Espíritu de Rebelión - 087 - COMPRA DE CHATARRA
0.6,1,"0,40 €",-40%,https://jugamosuna.es/tienda/1364/comprar-155-castillo-de-maz-barato.html,Star Wars Destiny Espíritu de Rebelión - 155 - CASTILLO DE MAZ
29.97,49.95,"19,98 €",-40%,https://jugamosuna.es/tienda/1529/comprar-armageddon-from-the-ground-up-barato.html,Armageddon – From the Ground Up (Inglés)
16.17,26.95,"10,78 €",-40%,https://jugamosuna.es/tienda/1612/comprar-knit-witm-barato.html,Knit Wit (Inglés)
8.97,14.95,"5,98 €",-40%,https://jugamosuna.es/tienda/2246/comprar-guild-ball-union-dice-x10-ingles-barato.html,Union Dice x10 - Guild Ball (Inglés)
0.6,1,"0,40 €",-40%,https://jugamosuna.es/tienda/1343/comprar-103-estar-en-guardia-barato.html,Star Wars Destiny Espíritu de Rebelión - 103 - ESTAR EN GUARDIA
23.97,39.95,"15,98 €",-40%,https://jugamosuna.es/tienda/1535/comprar-queen-s-architect-barato.html,Queen's Architect (Inglés)
22.17,36.95,"14,78 €",-40%,https://jugamosuna.es/tienda/1945/comprar-bountytown-barato.html,Bountytown (Inglés)
34.97,49.95,"14,99 €",-30%,https://jugamosuna.es/tienda/2054/comprar-montana-barato.html,Montana (Holandés)
27.97,39.95,"11,99 €",-30%,https://jugamosuna.es/tienda/2084/comprar-orcs-orcs-orcs-barato.html,Orcs Orcs Orcs (Inglés)
23.97,39.95,"15,98 €",-40%,https://jugamosuna.es/tienda/2198/comprar-reworld-aleman-barato.html,Reworld (Alemán)
38.97,64.95,"25,98 €",-40%,https://jugamosuna.es/tienda/2223/comprar-guild-ball-the-engineer-s-guild-the-instruments-of-war-ingles-barato.html,The Instruments of War - The Engineer's Guild - Guild Ball (Inglés)
32.97,54.95,"21,98 €",-40%,https://jugamosuna.es/tienda/2247/comprar-guild-ball-the-blacksmith-s-guild-master-crafted-arsenal-ingles-alternate-bolt-barato.html,Master Crafted Arsenal - The Blacksmith's Guild - Guild Ball (Inglés) + Alternate Bolt
20.97,34.950001,"13,98 €",-40%,https://jugamosuna.es/tienda/1537/comprar-solaris-interstellar-energy-for-earth-barato.html,Solaris – Interstellar Energy for Earth (Inglés)
23.97,39.95,"15,98 €",-40%,https://jugamosuna.es/tienda/1664/comprar-unearth-barato.html,Unearth (Inglés)
22.17,36.95,"14,78 €",-40%,https://jugamosuna.es/tienda/1767/comprar-tribes-early-civilization-barato.html,Tribes: Early Civilization (Inglés)
17.47,24.95,"7,49 €",-30%,https://jugamosuna.es/tienda/2055/comprar-bali-barato.html,Bali (Inglés)
27.97,39.95,"11,99 €",-30%,https://jugamosuna.es/tienda/2085/comprar-parfum-barato.html,Parfum (Inglés)
38.97,64.95,"25,98 €",-40%,https://jugamosuna.es/tienda/2204/comprar-kick-off-ingles-barato.html,Guild Ball: Kick Off (Inglés)
38.97,64.95,"25,98 €",-40%,https://jugamosuna.es/tienda/2224/comprar-guild-ball-the-engineer-s-guild-precision-made-ingles-barato.html,Precision Made - The Engineer's Guild - Guild Ball (Inglés)
20.97,34.950001,"13,98 €",-40%,https://jugamosuna.es/tienda/1538/comprar-12-thieves-barato.html,12 Thieves (Inglés)
8.97,14.95,"5,98 €",-40%,https://jugamosuna.es/tienda/1667/comprar-skibe-barato.html,Skibe
34.97,49.95,"14,99 €",-30%,https://jugamosuna.es/tienda/2007/comprar-noria-barato.html,Noria
24.47,34.950001,"10,49 €",-30%,https://jugamosuna.es/tienda/2069/comprar-high-tide-barato.html,High Tide (Inglés)
19.25,27.5,"8,25 €",-30%,https://jugamosuna.es/tienda/2086/comprar-voeluspa-barato.html,Völuspa (New Edition) (Holandés)
10.17,16.949999,"6,78 €",-40%,https://jugamosuna.es/tienda/2205/comprar-shadow-games-ingles-barato.html,Guild Ball: Shadow Games (Inglés)
8.97,14.95,"5,98 €",-40%,https://jugamosuna.es/tienda/2225/comprar-guild-ball-engineer-s-dice-x10-ingles-barato.html,Engineer's Dice x10 - Guild Ball (Inglés)
14.97,24.95,"9,98 €",-40%,https://jugamosuna.es/tienda/2252/comprar-roar-barato.html,Roar!
23.97,39.95,"15,98 €",-40%,https://jugamosuna.es/tienda/470/un-dia-en-el-mercado.html,Un día en el mercado
14.37,23.949999,"9,58 €",-40%,https://jugamosuna.es/tienda/746/comprar-rattus-cartus-barato.html,Rattus Cartus (Inglés)
0.6,1,"0,40 €",-40%,https://jugamosuna.es/tienda/1346/comprar-112-rebelarse-barato.html,Star Wars Destiny Espíritu de Rebelión -  112 - REBELARSE
26.97,44.95,"17,98 €",-40%,https://jugamosuna.es/tienda/1539/comprar-templar-s-journey-barato.html,Templar's Journey (Inglés)
6.57,10.95,"4,38 €",-40%,https://jugamosuna.es/tienda/1668/comprar-crocofant-barato.html,Crocofant
6.97,9.949999,"2,99 €",-30%,https://jugamosuna.es/tienda/1957/comprar-ubongo-barato.html,Ubongo Het Kaartspel (Holandés)
7.17,11.95,"4,78 €",-40%,https://jugamosuna.es/tienda/2027/comprar-genius-fun-and-go-barato.html,Genius Fun and Go (Holandés)
27.97,39.95,"11,99 €",-30%,https://jugamosuna.es/tienda/2070/comprar-liguria-barato.html,Liguria (Alemán)
31.47,44.95,"13,49 €",-30%,https://jugamosuna.es/tienda/2087/comprar-dynasties-barato.html,Dynasties (Holandés)
21.57,35.95,"14,38 €",-40%,https://jugamosuna.es/tienda/2206/comprar-guild-ball-season-3-ingles-barato.html,Guild Ball Season 3 (Inglés)
26.97,44.95,"17,98 €",-40%,https://jugamosuna.es/tienda/2226/comprar-guild-ball-the-farmer-s-guild-the-honest-land-espanol-barato.html,The Honest Land - The Farmer's Guild - Guild Ball (Inglés)
0.6,1,"0,40 €",-40%,https://jugamosuna.es/tienda/1324/comprar-062-maquinaria-de-guerra-imperial-barato.html,Star Wars Destiny Espíritu de Rebelión -  062 - MAQUINARIA DE GUERRA IMPERIAL
0.6,1,"0,40 €",-40%,https://jugamosuna.es/tienda/1347/comprar-115-no-me-hables-de-probabilidades-barato.html,Star Wars Destiny Espíritu de Rebelión - 115 - NO ME HABLES DE PROBABILIDADES
55.97,79.95,"23,99 €",-30%,https://jugamosuna.es/tienda/1541/comprar-alhambra-big-box-barato.html,Alhambra Big Box (inglés)
16.77,27.950001,"11,18 €",-40%,https://jugamosuna.es/tienda/1671/comprar-pfannen-pannen-barato.html,Pfannen-Pannen
10.37,15.95,"5,58 €",-35%,https://jugamosuna.es/tienda/1916/comprar-rumbo-a-la-india-barato.html,Rumbo a la India
8.37,11.95,"3,59 €",-30%,https://jugamosuna.es/tienda/1958/comprar-ubongo-barato.html,Ubongo Fun and Go (Holandés)
7.17,11.95,"4,78 €",-40%,https://jugamosuna.es/tienda/2028/comprar-keltis-fun-and-go-barato.html,Keltis Fun and Go (Holandés)
27.97,39.95,"11,99 €",-30%,https://jugamosuna.es/tienda/2071/comprar-london-markets-barato.html,London Markets (Inglés)
44.97,74.95,"29,98 €",-40%,https://jugamosuna.es/tienda/2092/comprar-immortals-barato.html,Immortals (Inglés)
7.68,12.798077,"5,12 €",-40%,https://jugamosuna.es/tienda/2207/comprar-guild-ball-season-3-plot-card-deck-ingles-barato.html,Season 3 Plot Card Deck - Guild Ball (Inglés)
8.97,14.95,"5,98 €",-40%,https://jugamosuna.es/tienda/2227/comprar-guild-ball-the-farmer-s-guild-dice-pack-ingles-barato.html,The Farmer's Guild Dice Pack - Guild Ball (Inglés)
17.37,28.95,"11,58 €",-40%,https://jugamosuna.es/tienda/1082/comprar-touria-barato.html,Touria (Inglés)
0.6,1,"0,40 €",-40%,https://jugamosuna.es/tienda/1325/comprar-064-bombardeo-prolongado-barato.html,Star Wars Destiny Espíritu de Rebelión - 064 - BOMBARDEO PROLONGADO
0.6,1,"0,40 €",-40%,https://jugamosuna.es/tienda/1349/comprar-118-deuda-de-vida-barato.html,Star Wars Destiny Espíritu de Rebelión - 118 - DEUDA DE VIDA
12.3,20.5,"8,20 €",-40%,https://jugamosuna.es/tienda/1397/comprar-emojito-barato.html,Emojito!
47.97,79.95,"31,98 €",-40%,https://jugamosuna.es/tienda/1542/comprar-alhambra-bigbox-special-edition-barato.html,Alhambra BigBox Special Edition (Inglés)
6.57,10.95,"4,38 €",-40%,https://jugamosuna.es/tienda/1672/comprar-rabatz-barato.html,Rabatz
9.57,15.95,"6,38 €",-40%,https://jugamosuna.es/tienda/1917/comprar-el-septimo-heroe-barato.html,El Séptimo Héroe
24.57,40.95,"16,38 €",-40%,https://jugamosuna.es/tienda/1961/comprar-golan-heights-days-of-battle-barato.html,Golan Heights (Days of Battle) (Inglés)
24.47,34.950001,"10,49 €",-30%,https://jugamosuna.es/tienda/2029/coprar-keltis-barato.html,Keltis (Holandés)
17.97,29.95,"11,98 €",-40%,https://jugamosuna.es/tienda/2072/comprar-mighty-monsters-barato.html,Mighty Monsters (Inglés)
38.47,54.95,"16,49 €",-30%,https://jugamosuna.es/tienda/2093/comprar-merlin-barato.html,Merlin (Inglés)
13.26,22.10577,"8,84 €",-40%,https://jugamosuna.es/tienda/2208/comprar-guild-ball-the-big-league-campaign-deck-ingles-barato.html,The Big League Campaign Deck - Guild Ball (Inglés)
8.97,14.95,"5,98 €",-40%,https://jugamosuna.es/tienda/2230/comprar-guild-ball-fisherman-s-dice-x10-ingles-barato.html,Fisherman's Dice x10 - Guild Ball (Inglés)
29.97,49.95,"19,98 €",-40%,https://jugamosuna.es/tienda/558/sky-traders.html,Sky Traders
18.3,30.500001,"12,20 €",-40%,https://jugamosuna.es/tienda/1084/comprar-chicken-wings-barato.html,Chicken Wings
0.6,1,"0,40 €",-40%,https://jugamosuna.es/tienda/1326/comprar-065-traidor-barato.html,Star Wars Destiny Espíritu de Rebelión - 065 - ¡TRAIDOR!
0.6,1,"0,40 €",-40%,https://jugamosuna.es/tienda/1351/comprar-121-andanada-barato.html,Star Wars Destiny Espíritu de Rebelión - 121 - ANDANADA
47.97,79.95,"31,98 €",-40%,https://jugamosuna.es/tienda/1544/comprar-escape-zombie-city-big-box-barato.html,Escape: Zombie City – Big Box (Inglés)
15.57,25.95,"10,38 €",-40%,https://jugamosuna.es/tienda/1674/comprar-archelino-barato.html,Archelino (Inglés)
20.97,34.950001,"13,98 €",-40%,https://jugamosuna.es/tienda/1918/comprar-king-of-the-hill-the-dwarf-throne-barato.html,King of the Hill: The Dwarf Throne
21.57,35.95,"14,38 €",-40%,https://jugamosuna.es/tienda/1966/comprar-hunt-the-unknown-quarry-barato.html,Hunt: The Unknown Quarry (Inglés)
17.47,24.95,"7,49 €",-30%,https://jugamosuna.es/tienda/2030/comprar-istanbul-brieven-and-zegels-barato.html,Brieven and Zegels - Istanbul (Holandés)
29.97,49.95,"19,98 €",-40%,https://jugamosuna.es/tienda/2073/comprar-pioneers-barato.html,Pioneers (Inglés)
20.97,34.950001,"13,98 €",-40%,https://jugamosuna.es/tienda/2094/dragon-valley-ingles.html,Dragon Valley (Inglés)
7.77,12.95,"5,18 €",-40%,https://jugamosuna.es/tienda/2209/comprar-guild-ball-season-3-player-card-deck-ingles-barato.html,Season 3 Player Card Deck - Guild Ball (Inglés)
38.21,44.95,"6,74 €",-15%,https://jugamosuna.es/tienda/3731/comprar-the-great-war-tank-expansion-ingles-barato.html,The Great War: Tank Expansion (Inglés)
51.95,51.95,,,https://jugamosuna.es/tienda/1590/comprar-axis-allies-1942-2nd-edition-2012-barato.html,Axis & Allies 1942 (2nd Edition 2012) (Inglés)
15.73,18.5,"2,78 €",-15%,https://jugamosuna.es/tienda/8821/comprar-arquitectura-barato.html,Arquitectura
14.99,14.99,,,https://jugamosuna.es/tienda/9026/comprar-munchkin-apocalypse-2-impacto-interlanar-barato.html,Munchkin Apocalypse 2: Impacto Interlanar
14.97,24.95,"9,98 €",-40%,https://jugamosuna.es/tienda/3253/comprar-vault-wars-ingles-barato.html,Vault Wars (Inglés)
14.97,24.95,"9,98 €",-40%,https://jugamosuna.es/tienda/1506/comprar-runewars-el-juego-de-miniaturas-pack-de-componentes-basicos-barato.html,Pack de componentes básicos - Runewars: El juego de miniaturas
53.82,107.64,"53,82 €",-50%,https://jugamosuna.es/tienda/1577/comprar-star-wars-destiny-el-imperio-en-guerra-expositor-de-sobres-de-ampliacion-barato.html,Star Wars Destiny: El Imperio en Guerra Expositor de Sobres de Ampliación
9.6,15.999999,"6,40 €",-40%,https://jugamosuna.es/tienda/3264/comprar-star-fluxx-ingles-barato.html,Star Fluxx (Inglés)
8.97,14.95,"5,98 €",-40%,https://jugamosuna.es/tienda/1580/comprar-star-wars-x-wing-interceptor-m3-a-barato.html,Interceptor M3-A - Star Wars X-Wing
14.97,24.95,"9,98 €",-40%,https://jugamosuna.es/tienda/2275/comprar-fantastic-park-barato.html,Fantastic Park
26.97,44.95,"17,98 €",-40%,https://jugamosuna.es/tienda/2751/comprar-archon-glory-machination-barato.html,Archon: Glory & Machination (Inglés)
27,45,"18,00 €",-40%,https://jugamosuna.es/tienda/3267/comprar-alien-artifacts-ingles-barato.html,Alien Artifacts (Inglés)
23.97,39.95,"15,98 €",-40%,https://jugamosuna.es/tienda/1118/comprar-star-wars-x-wing-lanzadera-clase-ipsilon-barato.html,Star Wars X-Wing: Lanzadera clase Ípsilon
14.97,24.95,"9,98 €",-40%,https://jugamosuna.es/tienda/1436/comprar-runewars-el-juego-de-miniaturas-lord-hawthorne-barato.html,Lord Hawthorne - Runewars: El Juego de Miniaturas
13.77,22.95,"9,18 €",-40%,https://jugamosuna.es/tienda/2284/comprar-chariot-race-dioses-de-la-arena-barato.html,Chariot Race Dioses de la Arena
28.8,47.999999,"19,20 €",-40%,https://jugamosuna.es/tienda/3268/comprar-legacy-testament-of-duke-de-crecy-ingles-barato.html,Legacy Testament of Duke de Crecy (Inglés)
14.97,24.95,"9,98 €",-40%,https://jugamosuna.es/tienda/1437/comprar-runewars-el-juego-de-miniaturas-lanceros-barato.html,Lanceros - Runewars: El Juego de Miniaturas
23.97,39.95,"15,98 €",-40%,https://jugamosuna.es/tienda/2293/comprar-lancelot-barato.html,Lancelot
23.97,39.95,"15,98 €",-40%,https://jugamosuna.es/tienda/2432/comprar-goblins-inc-ingles-barato.html,"Goblins, Inc. (Inglés)"
14.97,24.95,"9,98 €",-40%,https://jugamosuna.es/tienda/2754/comprar-shadows-over-the-empire-barato.html,Shadows over the Empire (Inglés)
28.77,47.95,"19,18 €",-40%,https://jugamosuna.es/tienda/2946/comprar-race-to-the-new-found-land-barato.html,Race to the New Found Land (Alemán)
28.8,47.999999,"19,20 €",-40%,https://jugamosuna.es/tienda/3269/comprar-neuroshima-hex-30-ingles-barato.html,Neuroshima Hex 3.0 (Inglés)
14.97,24.95,"9,98 €",-40%,https://jugamosuna.es/tienda/1438/comprar-runewars-el-juego-de-miniaturas-ankaur-maro-barato.html,Ankaur Maro - Runewars: El Juego de Miniaturas
14.97,24.95,"9,98 €",-40%,https://jugamosuna.es/tienda/2447/comprar-star-cartel-ingles-barato.html,Star Cartel (Inglés)
17.98,39.95,"21,97 €",-55%,https://jugamosuna.es/tienda/2539/comprar-rodas-barato.html,Rodas
14.97,24.95,"9,98 €",-40%,https://jugamosuna.es/tienda/2755/comprar-briefcase-barato.html,Briefcase (Inglés)
18,29.999999,"12,00 €",-40%,https://jugamosuna.es/tienda/3274/comprar-lotus-ingles-barato.html,Lotus (Inglés)
14.97,24.95,"9,98 €",-40%,https://jugamosuna.es/tienda/1439/comprar-runewars-el-juego-de-miniaturas-reanimados-barato.html,Reanimados - Runewars: El Juego de Miniaturas
10.17,16.949999,"6,78 €",-40%,https://jugamosuna.es/tienda/2448/comprar-samurai-gardener-ingles-barato.html,Samurai Gardener (Inglés)
8.98,19.95,"10,97 €",-55%,https://jugamosuna.es/tienda/2542/comprar-warehouse-51-barato.html,Warehouse 51
14.97,24.95,"9,98 €",-40%,https://jugamosuna.es/tienda/2756/comprar-lap-dance-barato.html,Lap Dance (Inglés)
8.97,14.95,"5,98 €",-40%,https://jugamosuna.es/tienda/2997/compra-candy-match-barato.html,Candy Match
39,65,"26,00 €",-40%,https://jugamosuna.es/tienda/3283/comprar-kepler-3042-ingles-barato.html,Kepler 3042 (Inglés)
11.97,19.95,"7,98 €",-40%,https://jugamosuna.es/tienda/2451/comprar-agamemnon-ingles-barato.html,Agamemnon (Inglés)
14.97,24.95,"9,98 €",-40%,https://jugamosuna.es/tienda/2543/comprar-la-cosa-nostra-ingles-barato.html,La Cosa Nostra (Inglés)
17.97,29.95,"11,98 €",-40%,https://jugamosuna.es/tienda/2788/comprar-zombie-tsunami-barato.html,Zombie Tsunami
17.97,29.95,"11,98 €",-40%,https://jugamosuna.es/tienda/2999/comprar-cookies-ingles-barato.html,Cookies (Inglés)
14.97,24.95,"9,98 €",-40%,https://jugamosuna.es/tienda/3228/comprar-one-night-ultimate-werewolf-daybreak-ingles-barato.html,One Night Ultimate Werewolf Daybreak (Inglés)
26.97,44.95,"17,98 €",-40%,https://jugamosuna.es/tienda/3292/comprar-core-worlds-ingles-barato.html,Core Worlds (Inglés)
41.97,69.95,"27,98 €",-40%,https://jugamosuna.es/tienda/1453/comprar-star-wars-x-wing-crucero-c-roc-barato.html,Crucero C-ROC - Star Wars: X-Wing
26.97,44.95,"17,98 €",-40%,https://jugamosuna.es/tienda/2454/comprar-they-come-unseen-ingles-barato.html,They Come Unseen (Inglés)
17.48,34.950001,"17,48 €",-50%,https://jugamosuna.es/tienda/2544/comprar-numeros-locos-barato.html,Números Locos
17.97,29.95,"11,98 €",-40%,https://jugamosuna.es/tienda/2792/comprar-ben-10-challenge-barato.html,Ben 10 Challenge
7.77,12.95,"5,18 €",-40%,https://jugamosuna.es/tienda/3000/comprar-dam-it-ingles-barato.html,Dam It! (Inglés)
14.97,24.95,"9,98 €",-40%,https://jugamosuna.es/tienda/3229/comprar-one-night-ultimate-alien-ingles-barato.html,One Night Ultimate Alien (Inglés)
29.97,49.95,"19,98 €",-40%,https://jugamosuna.es/tienda/3293/comprar-space-cadets-dice-duel-ingles-barato.html,Space Cadets: Dice Duel (Inglés)
59.97,99.95,"39,98 €",-40%,https://jugamosuna.es/tienda/1183/comprar-runewars-el-juego-de-miniaturas-barato.html,Runewars: El Juego de Miniaturas
6.57,10.95,"4,38 €",-40%,https://jugamosuna.es/tienda/2458/comprar-secret-santa-ingles-barato.html,Secret Santa (Inglés)
14.97,24.95,"9,98 €",-40%,https://jugamosuna.es/tienda/2797/comprar-chimere-barato.html,Chimere
7.77,12.95,"5,18 €",-40%,https://jugamosuna.es/tienda/3002/comprar-djinn-ingles-barato.html,Djinn (Inglés)
29.97,49.95,"19,98 €",-40%,https://jugamosuna.es/tienda/3235/comprar-subdivision-ingles-barato.html,Subdivision (Inglés)
29.97,49.95,"19,98 €",-40%,https://jugamosuna.es/tienda/3294/comprar-survive-space-attack-ingles-barato.html,Survive Space Attack! (Inglés)
53.82,107.64,"53,82 €",-50%,https://jugamosuna.es/tienda/1206/comprar-star-wars-destiny-espiritu-de-rebelion-barato.html,Star Wars Destiny: Espíritu de rebelión Expositor de Sobres de Ampliación
20.97,34.950001,"13,98 €",-40%,https://jugamosuna.es/tienda/1465/comprar-el-juego-de-miniaturas-golems-runicos-barato.html,Gólems Rúnicos - Runewars: El Juego de Miniaturas
11.97,19.95,"7,98 €",-40%,https://jugamosuna.es/tienda/2462/comprar-agora-ingles-barato.html,Agora (Inglés)
26.97,44.95,"17,98 €",-40%,https://jugamosuna.es/tienda/2546/comprar-taberna-barato.html,Taberna
38.97,64.95,"25,98 €",-40%,https://jugamosuna.es/tienda/2806/comprar-guild-ball-the-union-faithful-of-solthecius-ingles-barato.html,Faithful of Solthecius - The Union - Guild Ball (Inglés)
10.77,17.95,"7,18 €",-40%,https://jugamosuna.es/tienda/3003/comprar-dragorun-ingles-barato.html,Dragorun (Inglés)
14.97,24.95,"9,98 €",-40%,https://jugamosuna.es/tienda/3238/comprar-one-night-ultimate-vampire-ingles-barato.html,One Night Ultimate Vampire (Inglés)
35.97,59.950001,"23,98 €",-40%,https://jugamosuna.es/tienda/3296/comprar-kraftwagen-ingles-barato.html,Kraftwagen (Inglés)
17.98,39.95,"21,97 €",-55%,https://jugamosuna.es/tienda/3817/compra-tokyo-ghoul-barato.html,Tokyo Ghoul - Bloody Masquerade
14.97,24.95,"9,98 €",-40%,https://jugamosuna.es/tienda/1390/comprar-runewars-grupo-de-mando-de-infanteria-de-waiqar-barato.html,Grupo de Mando de Infantería de Waiqar - Runewars
20.97,34.950001,"13,98 €",-40%,https://jugamosuna.es/tienda/1466/comprar-el-juego-de-miniaturas-jinetes-de-carronero-barato.html,Jinetes de Carroñero - Runewars: El juego de miniaturas
38.97,64.95,"25,98 €",-40%,https://jugamosuna.es/tienda/2470/comprar-kepler-3042-ingles-barato.html,Kepler-3042 (Inglés)
38.97,64.95,"25,98 €",-40%,https://jugamosuna.es/tienda/2807/comprar-guild-ball-the-exiles-new-alliances-ingles-barato.html,New Alliances - The Exiles - Guild Ball (Inglés)
8.97,14.95,"5,98 €",-40%,https://jugamosuna.es/tienda/3005/comprar-gangster-city-ingles-barato.html,Gangster City (Inglés)
14.97,24.95,"9,98 €",-40%,https://jugamosuna.es/tienda/3239/comprar-werebeasts-ingles-barato.html,Werebeasts (Inglés)
35.97,59.950001,"23,98 €",-40%,https://jugamosuna.es/tienda/3297/comprar-panamax-ingles-barato.html,Panamax (Inglés)
14.97,24.95,"9,98 €",-40%,https://jugamosuna.es/tienda/1391/comprar-runewars-grupo-de-mando-de-infanteria-de-daqan-barato.html,Grupo de Mando de Infantería de Daqan - Runewars
26.97,44.95,"17,98 €",-40%,https://jugamosuna.es/tienda/2471/comprar-planet-defenders-ingles-barato.html,Planet Defenders (Inglés)
8.37,13.95,"5,58 €",-40%,https://jugamosuna.es/tienda/2812/comprar-cheekz-barato.html,CheekZ (Inglés)
11.97,19.95,"7,98 €",-40%,https://jugamosuna.es/tienda/3006/comprar-tic-tac-moo-ingles-barato.html,Tic Tac Moo (Inglés)
8.97,14.95,"5,98 €",-40%,https://jugamosuna.es/tienda/3241/comprar-werewords-ingles-barato.html,Werewords (Inglés)
14.97,24.95,"9,98 €",-40%,https://jugamosuna.es/tienda/1392/comprar-runewars-caballeria-juramentada-barato.html,Caballería Juramentada - Runewars
8.97,14.95,"5,98 €",-40%,https://jugamosuna.es/tienda/2472/comprar-sundae-split-ingles-barato.html,Sundae Split (Inglés)
20.97,34.950001,"13,98 €",-40%,https://jugamosuna.es/tienda/2731/comprar-leaping-lemmings-barato.html,Leaping Lemmings (Inglés)
33.57,55.949999,"22,38 €",-40%,https://jugamosuna.es/tienda/2815/comprar-devil-s-run-route-666-hell-s-highway-barato.html,Devil's Run: Route 666 - Hell's Highway (Inglés)
10.2,17,"6,80 €",-40%,https://jugamosuna.es/tienda/3243/comprar-pairs-deluxe-edition-ingles-barato.html,Pairs Deluxe Edition (Inglés)
11.97,19.95,"7,98 €",-40%,https://jugamosuna.es/tienda/2479/comprar-master-of-orion-conquest-ingles-barato.html,Master of Orion Conquest (Inglés)
5.97,9.949999,"3,98 €",-40%,https://jugamosuna.es/tienda/2741/comprar-treachery-in-a-pocket-barato.html,Treachery in a Pocket (Inglés)
30,50,"20,00 €",-40%,https://jugamosuna.es/tienda/3248/comprar-valeria-card-kingdoms-ingles-barato.html,Valeria Card Kingdoms (Inglés)
36,60,"24,00 €",-40%,https://jugamosuna.es/tienda/4056/comprar-guild-ball-the-ratcatcher-s-guild-paying-the-piper-ingles-alternate-piper-barato.html,Guild Ball:  The Navigator's Guild: Tales of the New World (Inglés) + Alternate Horizon Limited Edition
26.97,44.95,"17,98 €",-40%,https://jugamosuna.es/tienda/2481/comprar-war-of-the-buttons-ingles-barato.html,War of the Buttons (Inglés)
29.97,49.95,"19,98 €",-40%,https://jugamosuna.es/tienda/3252/comprar-legacy-gears-of-time-ingles-barato.html,Legacy Gears of Time (Inglés)
9,15,"6,00 €",-40%,https://jugamosuna.es/tienda/4057/comprar-guild-ball-the-navigator-s-guild-dice-pack-barato.html,Guild Ball:  The Navigator's Guild: Dice Pack
